btk_id,chr14_20622723,chr14_24316281,chr14_30874076,chr14_50785943,chr14_57391664,chr14_99174679,chr14_100165460,chr14_102545850,chr14_102927632,chr14_103127165,chr14_103138969,chr14_104932983,chr14_105136815,chr1_27356859,chr1_35573571,chr1_37660955,chr1_38029378,chr1_39882657,chr1_42765577,chr1_44776405,chr1_44776683,chr1_75788002,chr1_95233540,chr1_147781289,chr1_2577832,chr1_3014992,chr1_3063834,chr1_3688522,chr1_26473583,chr1_935927,chr1_1022893,chr1_1162689,chr1_1165112,chr1_1354425,chr1_152035606,chr1_153545999,chr1_156391470,chr1_160342391,chr1_163068912,chr1_169464476,chr1_40133106,chr1_42684308,chr1_202809740,chr1_203273472,chr1_203273509,chr1_211479206,chr1_211829427,chr1_212034463,chr1_150975472,chr1_151165199,chr1_26863493,chr1_2535656,chr1_173866126,chr1_220877774,chr1_220880561,chr1_228141178,chr1_231336540,chr1_246565374,chr21_34886943,chr21_39182294,chr21_44285802,chr19_11406402,chr19_15417777,chr19_32971328,chr19_33232806,chr19_855535,chr19_1192499,chr19_3607270,chr19_3688478,chr19_48740782,chr19_49340369,chr19_50564130,chr19_55217467,chr19_55373799,chr19_55376536,chr19_34578707,chr19_35267281,chr19_35994453,chr19_40230519,chr19_41875673,chr19_44072720,chr19_34500164,chr19_8208808,chr19_10333829,chr19_55489576,chr19_56106690,chr19_45322893,chr19_45952951,chr18_7011217,chr18_12376199,chr18_34226612,chr18_50286803,chr18_62597320,chr17_76528288,chr17_78342578,chr17_79103999,chr17_10026401,chr17_28174440,chr17_28721204,chr17_29590860,chr17_38852258,chr17_39626048,chr17_42654174,chr17_44375057,chr17_44502283,chr17_47852032,chr17_1492569,chr17_1932440,chr17_2058145,chr17_7241047,chr17_32487012,chr17_38841166,chr17_47872461,chr17_81333074,chr17_81510826,chr17_82064946,chr17_82583772,chr17_49992989,chr17_62137980,chr17_74361915,chr17_74763142,chr17_10026210,chr17_76354860,chr12_56223945,chr12_57726453,chr12_57738774,chr12_80710331,chr12_95204382,chr12_113669906,chr12_114674627,chr12_12714734,chr12_26935646,chr12_47817150,chr12_50104043,chr12_51392253,chr12_54283223,chr12_57842928,chr12_58285710,chr12_115606219,chr12_120397917,chr4_4291351,chr4_5709033,chr4_8199832,chr4_17809541,chr4_33149865,chr4_55854519,chr4_76801903,chr4_79964826,chr4_139295108,chr4_143335681,chr3_194296955,chr3_194297381,chr3_194572530,chr3_45795704,chr3_46577177,chr3_49133293,chr3_57757435,chr3_57757443,chr3_64022653,chr3_69893516,chr3_120284699,chr3_121545353,chr3_134312820,chr3_155853019,chr3_9902827,chr3_10142634,chr3_13420964,chr3_14574433,chr3_50322417,chr3_50358820,chr3_117874789,chr3_170040500,chr3_191330571,chr3_39407460,chr3_42160156,chr16_585622,chr16_983407,chr16_2154379,chr16_73070488,chr16_73483593,chr16_85626927,chr16_85812204,chr16_86578107,chr16_18788870,chr16_19106148,chr16_49838580,chr16_50459254,chr16_54194410,chr16_67396550,chr16_3793230,chr16_4615296,chr16_70680029,chr16_70800431,chr16_88077402,chr16_88382152,chr16_88640017,chr16_89525662,chr6_31540348,chr6_31621587,chr6_31666879,chr6_31717652,chr6_33273248,chr6_33417278,chr6_38173986,chr6_41370606,chr6_128492173,chr6_150057601,chr6_151809196,chr6_155216795,chr6_156397153,chr6_1620653,chr6_2375660,chr6_10555913,chr6_24718360,chr6_26017051,chr6_26195725,chr6_27230866,chr6_28861862,chr6_31835940,chr6_32197422,chr6_45328363,chr6_57173428,chr6_73654943,chr6_75202994,chr6_41407414,chr6_42051388,chr6_164193613,chr6_169703401,chr6_26017390,chr6_125751524,chr6_30618515,chr6_30883090,chr20_3750295,chr20_34997384,chr20_46026587,chr20_46201082,chr20_58653407,chr20_62427600,chr20_64050955,chr20_64057542,chr20_64062646,chr10_62019293,chr10_68562684,chr10_69103936,chr10_73245186,chr10_13383200,chr10_18400500,chr10_43026894,chr10_44382924,chr10_44879457,chr10_76111916,chr10_79240083,chr10_79243417,chr10_86668359,chr10_97400338,chr10_75399296,chr10_61897603,chr10_116324807,chr10_122149940,chr10_133039676,chr10_133238027,chr7_151125899,chr7_155491659,chr7_155497578,chr7_155645896,chr7_2521341,chr7_4739249,chr7_5695491,chr7_27103632,chr7_48454921,chr7_67854497,chr7_99393514,chr7_100016585,chr7_100589775,chr7_101238893,chr7_111728790,chr7_128270873,chr7_149713831,chr7_157553529,chr7_30596272,chr7_43876191,chr7_100475657,chr7_150947542,chr9_4793991,chr9_14344359,chr9_19050396,chr9_19378680,chr9_19379119,chr9_34371381,chr9_91118219,chr9_95772044,chr9_96620183,chr9_113409691,chr9_126671689,chr9_127938586,chr9_130186169,chr9_136131322,chr9_136352921,chr9_136364621,chr11_457303,chr11_850295,chr11_16739744,chr11_16739985,chr11_18633338,chr11_26994044,chr11_44520354,chr11_46296307,chr11_62678303,chr11_65576457,chr11_65592855,chr11_96343629,chr11_99070085,chr11_116790671,chr11_126268081,chr11_126465987,chr5_1850025,chr5_40834125,chr5_72557387,chr5_73499355,chr5_77848191,chr5_131945738,chr5_136029322,chr5_159097395,chr5_160133684,chr5_171389537,chr5_175116100,chr5_179265726,chr13_20301259,chr13_24511162,chr13_28658189,chr13_32246737,chr13_45440518,chr13_76887199,chr13_77001942,chr13_99896525,chr13_109781436,chr13_111154601,chr13_111658372,chr13_112970156,chr13_113122698,chr13_113298232,chr13_114235910,chr2_96500684,chr2_120511715,chr2_120580967,chr2_132804213,chr2_161239520,chr2_170930882,chr2_197706829,chr2_205763967,chr2_19121166,chr2_70896102,chr2_74415710,chr2_217978711,chr2_217979011,chr2_219538048,chr2_231483972,chr2_231780322,chr2_233355516,chr2_151974057,chr2_210315661,chr2_74441349,chr2_85326635,chr2_236568542,chr2_240520584,chr15_26670584,chr15_40280592,chr15_52652035,chr15_58864923,chr15_58865657,chr15_67549068,chr15_69452126,chr15_72685509,chr15_75182696,chr15_78212708,chr15_88875224,chr15_90000159,chr15_92401525,chr8_1118249,chr8_1376244,chr8_21918252,chr8_47179863,chr8_59120366,chr8_60660749,chr8_118715391,chr8_123205519,chr8_125000191,chr8_140509170,chr8_143125843,chr8_143764139,chr22_20430254,chr22_37803872,chr22_39318282,chr22_39521827,chr22_41096002,chr22_45309152,chr22_49826105
000007027610,0.77,0.85,0.71,0.33,0.1,0.96,0.61,0.76,0.79,0.8,0.46,0.27,0.62,0.9,0.06,0.5,0.73,0.53,0.72,0.05,0.26,0.25,0.58,0.69,0.32,0.94,1.0,0.85,0.14,0.0,0.71,0.92,1.0,0.06,0.25,0.05,0.92,0.12,0.6,0.95,0.18,0.5,1.0,0.31,0.23,0.07,0.57,0.69,0.46,0.71,1.0,0.81,0.23,0.77,0.64,0.16,0.57,0.43,0.11,0.11,0.78,0.0,0.33,0.12,0.64,0.82,0.0,0.5,0.14,0.21,0.53,0.17,0.57,0.33,0.62,0.5,0.0,0.46,0.3,0.08,0.12,0.5,0.23,0.07,0.54,0.74,0.6,0.05,0.31,0.33,0.07,0.17,0.68,0.39,0.5,0.14,0.82,0.58,0.26,0.35,0.36,0.89,0.33,0.27,0.19,0.31,0.92,0.93,0.2,0.53,0.0,0.79,0.36,0.48,0.0,0.83,0.95,0.46,0.18,0.5,1.0,0.9,0.71,0.78,0.43,0.25,0.17,0.87,0.28,0.6,0.08,0.47,0.17,0.9,0.46,0.05,0.73,1.0,0.62,0.95,0.21,0.33,0.27,0.1,0.45,0.68,1.0,1.0,0.0,0.6,0.8,0.94,0.2,0.27,0.5,0.72,0.3,0.14,0.18,0.79,0.8,0.17,0.67,0.52,1.0,0.89,0.22,0.96,0.75,0.14,0.07,0.88,0.39,0.05,0.83,0.11,0.6,0.22,0.95,0.05,0.36,0.82,0.82,0.11,0.41,0.08,0.47,1.0,0.71,0.5,1.0,0.89,0.42,0.53,1.0,0.5,0.69,0.08,0.1,0.11,1.0,0.33,0.17,0.88,0.55,0.67,0.76,1.0,0.6,0.73,0.61,0.83,0.84,0.18,0.71,0.0,0.6,1.0,0.0,0.92,0.62,0.06,0.08,0.52,1.0,0.26,0.71,0.52,0.35,0.32,0.21,0.8,1.0,0.65,0.4,0.43,0.32,0.83,0.86,0.5,0.6,0.69,0.95,0.79,0.31,0.0,0.52,0.75,0.77,0.25,0.93,1.0,0.0,0.64,0.4,1.0,0.62,0.87,1.0,1.0,0.0,0.62,0.33,0.96,0.04,0.23,0.21,0.11,0.22,0.94,0.3,0.27,0.36,0.92,0.65,0.8,0.83,0.94,0.8,0.18,0.71,0.64,0.26,0.62,0.95,0.0,0.1,0.17,0.68,0.18,1.0,0.5,0.26,0.67,1.0,1.0,0.76,0.85,0.77,0.29,0.05,0.82,0.33,0.21,0.24,0.33,0.55,0.07,0.05,0.67,0.35,0.05,1.0,0.07,0.1,1.0,0.44,0.43,0.0,0.88,1.0,0.39,0.27,0.1,0.2,0.96,0.78,0.62,0.03,0.14,0.87,0.84,0.44,1.0,0.5,0.87,0.09,0.47,0.54,0.65,0.28,0.27,0.44,0.83,0.56,0.05,0.96,0.6,0.67,0.71,0.88,0.46,0.65,0.68,0.62,0.89,0.44,0.19,0.12,0.32,0.13,1.0,0.0,0.0,0.24,0.85,1.0,0.35,0.07,0.61,0.8,0.21,0.12,0.77,0.94,0.26,0.94,1.0,1.0,0.93,0.79,0.19,0.48,0.1,0.81,1.0,0.44,0.61,0.71,0.3,0.04,1.0,0.05,0.37,0.53,0.46,0.18
000007028770,0.67,1.0,0.25,0.4,0.29,0.92,0.25,0.5,0.64,1.0,0.25,0.82,0.86,0.5,0.24,0.3,0.55,0.45,0.75,0.0,0.64,0.8,0.27,0.41,0.2,0.89,1.0,0.55,0.27,0.0,0.2,0.6,1.0,0.0,0.07,0.23,0.88,0.11,0.33,0.45,0.5,0.38,0.83,0.23,0.2,0.36,0.69,0.7,0.08,0.91,0.93,0.83,0.14,0.73,0.08,0.7,0.57,0.47,0.11,0.15,0.25,0.25,0.5,0.71,0.55,1.0,0.0,0.06,0.0,0.0,0.3,0.15,0.54,0.4,0.5,0.47,0.0,0.29,0.3,0.2,0.15,0.55,0.11,0.22,0.27,0.5,0.56,0.3,0.38,0.3,0.11,0.43,0.75,0.31,0.89,0.0,0.75,0.46,0.33,0.08,0.61,0.75,0.18,0.3,0.32,0.27,0.75,1.0,0.3,0.85,0.0,0.62,0.22,0.3,0.35,0.83,1.0,0.5,0.25,0.0,0.68,1.0,0.79,0.41,0.9,0.79,0.07,0.8,0.5,0.33,0.05,0.25,0.0,0.45,0.28,0.27,0.67,0.64,0.25,1.0,0.44,0.1,0.43,0.12,0.36,0.46,0.88,1.0,0.0,0.27,0.44,0.5,0.46,0.32,0.62,0.07,0.74,0.69,0.42,0.64,0.6,0.13,0.86,0.6,0.59,0.91,0.16,0.75,0.5,0.5,0.17,1.0,0.62,0.0,0.62,0.11,0.86,0.59,0.73,0.11,0.6,0.55,1.0,0.4,0.24,0.18,0.83,0.81,0.8,0.8,0.89,1.0,0.38,0.85,1.0,0.2,1.0,0.08,0.0,0.19,0.75,0.15,0.3,1.0,0.67,0.78,0.59,0.92,0.12,0.81,0.44,0.89,0.92,0.67,0.5,0.3,0.56,0.93,0.11,0.67,0.24,0.07,0.0,0.12,0.93,0.65,0.5,0.5,0.0,0.5,0.25,1.0,0.8,1.0,0.33,0.43,0.5,0.93,0.29,0.33,0.71,0.62,0.75,0.75,0.36,0.0,0.08,0.9,0.67,0.0,0.78,0.83,0.0,0.73,0.92,1.0,0.42,0.58,1.0,0.64,0.36,1.0,0.18,0.86,0.12,0.29,0.36,0.07,0.71,1.0,0.8,0.43,0.4,0.67,0.16,1.0,0.3,1.0,0.62,0.25,0.78,0.25,0.25,0.46,0.67,0.09,0.12,0.71,0.91,0.0,0.54,0.33,0.85,0.75,1.0,0.8,0.57,0.8,0.8,0.5,0.7,0.86,0.55,0.36,0.12,0.5,0.62,0.1,0.0,1.0,0.46,0.08,1.0,0.0,0.0,0.73,0.5,0.24,0.0,0.71,0.71,0.56,0.25,0.06,0.07,1.0,0.12,0.57,0.13,0.21,0.92,0.44,0.38,0.64,0.5,1.0,0.14,0.5,0.33,0.62,0.3,0.5,0.77,0.2,0.89,0.0,1.0,0.83,0.83,0.56,0.92,0.44,0.54,0.87,0.93,1.0,0.35,0.69,0.11,0.3,0.25,0.88,0.14,0.0,0.22,1.0,1.0,0.5,0.29,0.9,0.75,0.38,0.29,0.71,0.85,0.67,1.0,0.86,0.62,0.9,0.54,0.23,0.4,0.0,0.91,0.67,0.56,0.67,0.92,0.25,0.0,1.0,0.25,0.46,0.53,0.28,0.5
000007028810,0.74,1.0,0.57,0.45,0.23,1.0,0.8,0.35,0.58,0.5,0.0,0.3,0.57,0.88,0.0,0.17,0.64,0.36,0.67,0.11,0.33,0.5,0.3,0.29,0.41,1.0,1.0,0.93,0.38,0.0,0.36,0.77,1.0,0.2,0.12,0.07,0.78,0.25,0.22,0.28,0.5,0.42,0.91,0.38,0.29,0.12,0.73,0.57,0.13,0.85,0.89,1.0,0.23,0.67,0.32,0.22,0.57,0.73,0.17,0.29,0.0,0.08,0.62,0.47,0.71,0.82,0.08,0.0,0.0,0.33,0.27,0.33,0.61,0.2,0.44,0.56,0.1,0.24,0.56,0.0,0.09,0.21,0.07,0.2,0.38,0.47,0.15,0.1,0.6,0.35,0.38,0.36,0.6,0.6,0.61,0.29,0.83,0.4,0.64,0.5,0.59,0.83,0.4,0.07,0.27,0.44,0.5,1.0,0.4,0.59,0.0,0.44,0.27,0.18,0.11,1.0,1.0,0.36,0.5,0.36,0.56,0.95,0.35,0.44,1.0,0.75,0.0,0.75,0.38,0.53,0.09,0.56,0.0,0.75,0.5,0.05,0.59,1.0,0.0,1.0,0.5,0.08,0.25,0.07,0.3,0.64,1.0,1.0,0.06,0.57,0.5,0.54,0.27,0.15,0.4,0.18,0.71,0.25,0.08,0.64,0.61,0.29,0.5,0.62,0.82,0.76,0.17,0.88,0.81,0.25,0.33,0.69,0.31,0.0,0.27,0.33,0.67,0.6,0.94,0.0,0.73,0.75,0.8,0.27,0.42,0.11,0.73,1.0,0.5,0.83,0.88,0.92,0.17,0.79,0.82,0.25,0.96,0.0,0.27,0.12,0.83,0.1,0.24,0.87,0.86,0.64,0.79,0.92,0.45,1.0,0.68,0.82,0.8,0.33,0.64,0.0,0.75,0.94,0.17,0.78,0.0,0.12,0.25,1.0,1.0,0.74,0.45,0.38,0.46,0.85,0.12,0.67,0.8,0.86,0.67,0.43,0.36,1.0,0.36,0.42,0.12,0.78,0.71,0.77,0.36,0.0,0.06,0.56,0.67,0.25,0.83,0.67,0.0,0.8,0.45,0.81,0.15,1.0,1.0,0.86,0.09,1.0,0.17,0.9,0.21,0.1,0.33,0.2,0.6,0.94,0.64,0.47,0.33,0.6,0.5,0.87,0.82,0.86,0.57,0.39,0.62,0.64,0.38,0.92,0.79,0.12,0.19,0.56,1.0,0.06,0.88,0.33,0.53,0.43,1.0,0.8,0.7,0.89,0.87,0.25,0.45,0.62,0.57,0.36,0.08,0.4,0.11,0.22,0.0,0.93,0.18,0.27,0.94,0.07,0.0,0.67,0.45,0.42,0.23,0.67,0.96,0.58,0.56,0.21,0.25,0.81,0.22,0.69,0.24,0.2,0.92,0.47,0.79,0.79,0.42,0.88,0.14,0.64,0.71,0.33,0.23,0.5,0.73,0.4,0.5,0.1,1.0,0.79,0.81,0.78,0.93,0.46,0.47,0.8,0.86,0.75,0.17,0.67,0.21,0.33,0.36,0.94,0.09,0.0,0.38,0.91,1.0,0.55,0.0,1.0,0.67,0.36,0.27,0.72,0.89,0.7,0.92,0.91,0.8,0.78,0.46,0.5,0.62,0.0,0.88,0.92,0.75,0.77,0.92,0.3,0.18,1.0,0.05,0.5,0.67,0.68,0.27
000007028880,0.89,1.0,0.2,0.22,0.36,1.0,0.88,0.78,1.0,0.93,0.57,0.18,0.43,0.6,0.04,0.44,0.47,0.6,0.33,0.0,0.5,0.36,0.4,0.45,0.07,0.85,0.93,0.83,0.2,0.0,1.0,0.85,0.94,0.31,0.18,0.0,0.86,0.4,0.46,0.5,0.93,0.47,0.69,0.15,0.15,0.0,0.62,0.67,0.24,0.78,1.0,0.93,0.44,0.88,0.31,0.31,0.86,0.62,0.1,0.14,0.44,0.07,0.64,0.21,0.55,1.0,0.0,0.1,0.11,0.6,0.06,0.18,0.67,0.22,0.36,0.55,0.0,0.75,0.18,0.18,0.18,0.8,0.18,0.11,0.56,0.53,0.2,0.41,0.18,0.47,0.17,0.57,0.89,0.39,0.74,0.08,0.82,0.57,0.44,0.08,0.43,0.83,0.19,0.08,0.21,0.27,0.62,1.0,0.43,0.94,0.0,0.92,0.1,0.33,0.12,0.88,1.0,0.38,0.2,0.11,0.88,1.0,0.35,0.47,1.0,0.2,0.0,0.79,0.62,0.55,0.08,0.82,0.0,0.55,0.36,0.17,0.67,0.78,0.1,1.0,0.47,0.06,0.11,0.1,0.5,0.4,1.0,1.0,0.0,0.55,0.6,0.9,0.12,0.5,0.2,0.17,0.27,0.18,0.38,0.74,0.75,0.3,0.45,0.62,0.83,0.88,0.22,0.5,0.57,0.5,0.06,0.75,0.75,0.11,0.26,0.38,0.36,0.39,0.93,0.0,0.2,0.71,0.83,0.22,0.4,0.25,0.58,1.0,0.14,0.75,0.7,0.91,0.7,0.44,1.0,0.3,0.81,0.23,0.19,0.24,1.0,0.15,0.14,1.0,0.55,0.83,0.32,1.0,0.71,0.77,0.62,0.89,0.75,0.29,0.53,0.24,0.77,1.0,0.0,0.7,0.47,0.17,0.44,0.54,1.0,0.5,0.18,0.33,0.29,0.27,0.0,0.73,0.89,0.8,0.29,0.12,0.56,1.0,0.29,0.33,0.83,0.71,0.9,0.68,0.58,0.26,0.11,0.7,0.75,0.13,0.6,0.71,0.07,0.88,0.36,1.0,0.25,0.64,0.92,0.56,0.26,0.8,0.33,0.91,0.07,0.18,0.19,0.0,0.43,1.0,1.0,0.75,0.67,0.79,0.46,1.0,1.0,1.0,0.5,0.08,0.53,0.47,0.46,1.0,0.75,0.14,0.07,0.4,0.54,0.0,1.0,0.54,0.33,0.54,1.0,0.85,0.71,0.9,0.8,0.24,0.2,0.55,0.59,0.1,0.1,0.42,0.27,0.11,0.0,0.89,0.61,0.05,0.95,0.0,0.0,0.89,0.27,0.27,0.13,0.72,1.0,0.5,0.14,0.0,0.04,0.88,0.13,0.55,0.06,0.31,0.76,0.4,0.12,0.81,0.53,0.8,0.38,0.15,0.67,0.8,0.1,0.62,0.42,0.25,0.3,0.05,0.88,0.68,0.54,0.5,0.64,0.36,0.77,0.6,0.8,0.67,0.25,0.58,0.15,0.0,0.28,1.0,0.05,0.0,0.18,0.93,0.93,0.6,0.07,1.0,0.85,0.27,0.33,0.7,0.73,0.67,0.88,1.0,0.9,0.9,0.38,0.8,0.33,0.07,0.88,0.6,0.21,0.94,0.73,0.13,0.0,1.0,0.19,0.17,0.53,0.21,0.21
000007029030,1.0,1.0,0.5,0.29,0.15,1.0,0.88,0.69,0.64,1.0,0.87,0.38,0.62,0.94,0.0,0.44,0.71,0.67,0.79,0.31,0.74,0.52,0.38,0.38,0.28,0.83,1.0,0.77,0.33,0.21,0.77,0.87,0.93,0.07,0.18,0.1,0.88,0.5,0.28,0.62,0.62,0.77,0.75,0.6,0.7,0.33,0.57,0.43,0.31,0.91,1.0,1.0,0.24,0.75,0.28,0.39,0.71,0.59,0.56,0.31,0.56,0.0,0.5,0.27,0.81,0.92,0.05,0.25,0.06,0.36,0.19,0.23,0.73,0.74,0.86,0.38,0.05,0.2,0.38,0.09,0.38,0.35,0.35,0.18,0.58,0.27,0.44,0.29,0.47,0.68,0.31,0.15,0.53,0.38,0.88,0.38,0.92,0.53,0.58,0.25,0.62,0.94,0.36,0.27,0.22,0.38,0.73,0.92,0.25,0.55,0.0,0.68,0.53,0.67,0.2,0.89,0.93,0.71,0.25,0.31,1.0,1.0,0.79,0.5,1.0,0.95,0.07,0.94,0.41,0.6,0.28,0.42,0.08,0.78,0.5,0.5,0.5,0.67,0.31,0.73,0.14,0.19,0.41,0.17,0.25,0.67,0.95,1.0,0.12,0.64,0.33,0.6,0.12,0.4,0.27,0.38,0.67,0.62,0.0,0.52,0.85,0.33,0.4,0.67,0.31,1.0,0.21,1.0,0.9,0.27,0.23,0.92,0.6,0.29,0.67,0.32,0.88,0.48,1.0,0.09,0.22,0.59,1.0,0.4,0.53,0.26,0.71,0.82,0.67,0.57,0.87,0.91,0.71,0.81,1.0,0.2,0.94,0.33,0.35,0.17,1.0,0.45,0.27,1.0,0.81,0.79,0.77,0.89,0.68,0.73,0.9,1.0,0.85,0.25,0.6,0.0,0.36,1.0,0.0,0.91,0.1,0.39,0.14,0.79,1.0,0.36,0.42,0.53,0.38,0.65,0.08,0.8,1.0,0.78,0.25,0.37,0.5,0.8,0.33,0.5,0.5,0.7,0.55,0.78,0.5,0.0,0.23,0.64,0.55,0.62,0.5,0.73,0.0,0.65,0.7,1.0,0.44,0.58,1.0,0.92,0.39,0.93,0.27,0.88,0.16,0.12,0.17,0.0,0.5,1.0,0.73,0.4,0.64,0.55,0.5,1.0,0.86,0.71,0.53,0.43,0.92,0.45,0.57,0.45,0.8,0.08,0.21,0.62,1.0,0.19,0.87,0.55,0.67,0.53,1.0,0.72,0.84,1.0,1.0,0.0,0.44,0.89,0.69,0.32,0.4,0.67,0.83,0.45,0.0,1.0,0.53,0.0,1.0,0.25,0.0,0.81,0.36,0.27,0.13,1.0,0.82,0.67,0.57,0.24,0.2,0.8,0.59,0.38,0.08,0.24,0.91,0.46,0.69,0.95,0.38,1.0,0.24,0.42,0.59,0.5,0.35,0.2,0.8,0.38,0.5,0.0,1.0,0.77,0.79,0.54,0.9,0.75,0.44,0.74,0.74,0.82,0.53,0.5,0.07,0.07,0.27,1.0,0.0,0.06,0.3,0.88,0.96,0.54,0.42,0.95,0.93,0.53,0.36,0.64,0.76,0.79,1.0,1.0,0.8,0.62,0.45,0.36,0.47,0.0,0.85,1.0,0.36,1.0,0.85,0.11,0.24,0.94,0.1,0.4,0.25,0.67,0.38
000007029040,0.93,1.0,0.42,0.36,0.33,0.88,0.59,0.62,1.0,0.88,0.67,0.6,0.73,0.2,0.33,0.85,0.7,0.6,0.56,0.08,0.62,0.5,0.17,0.56,0.17,0.78,1.0,0.7,0.22,0.08,0.64,1.0,1.0,0.29,0.09,0.07,0.89,0.31,0.33,0.43,0.43,0.73,0.64,0.29,0.33,0.15,0.6,0.62,0.1,0.75,0.94,1.0,0.71,0.57,0.2,0.11,0.4,0.42,0.17,0.08,0.42,0.1,0.5,0.28,0.75,0.8,0.0,0.29,0.13,0.29,0.29,0.15,0.64,0.64,0.33,0.58,0.0,0.33,0.33,0.19,0.33,0.71,0.08,0.07,0.56,0.5,0.36,0.3,0.75,0.29,0.12,0.27,0.73,0.75,0.85,0.0,0.83,0.33,0.22,0.4,0.47,1.0,0.38,0.25,0.29,0.67,0.55,1.0,0.2,1.0,0.0,1.0,0.43,0.43,0.2,1.0,0.94,0.33,0.29,0.3,0.77,1.0,0.65,0.78,0.91,0.78,0.08,1.0,0.22,0.75,0.38,0.27,0.0,0.83,0.17,0.13,0.67,0.89,0.18,1.0,0.2,0.45,0.11,0.09,0.38,0.71,0.7,1.0,0.12,0.64,0.38,0.57,0.38,0.22,0.67,0.0,0.5,0.31,0.07,0.6,0.78,0.1,0.42,0.54,0.56,0.87,0.09,0.92,0.91,0.29,0.0,1.0,0.31,0.0,0.5,0.07,0.87,0.33,0.89,0.0,0.73,0.6,1.0,0.47,0.44,0.29,0.94,0.91,0.62,0.6,0.85,0.85,0.4,0.5,0.92,0.27,0.83,0.1,0.14,0.12,0.88,0.33,0.27,1.0,0.75,1.0,0.57,0.59,0.3,0.61,1.0,0.71,0.79,0.6,0.63,0.1,0.59,1.0,0.0,0.75,0.25,0.12,0.14,0.56,0.89,0.31,0.65,0.23,0.39,0.4,0.45,1.0,1.0,0.76,0.36,0.5,0.31,1.0,0.42,0.39,0.33,0.75,0.77,0.67,0.3,0.0,0.53,0.58,0.4,0.0,1.0,0.56,0.0,1.0,0.78,0.92,0.5,0.86,1.0,1.0,0.4,0.64,0.57,1.0,0.08,0.0,0.1,0.25,0.38,1.0,0.64,0.5,0.38,0.25,0.79,0.9,0.43,1.0,0.67,0.2,0.71,0.75,0.2,0.55,0.67,0.12,0.13,0.21,0.9,0.0,0.67,0.45,0.44,0.54,1.0,0.82,1.0,0.5,1.0,0.27,0.75,0.82,0.8,0.25,0.28,0.38,0.57,0.12,0.0,1.0,0.14,0.09,1.0,0.13,0.0,0.67,0.43,0.07,0.0,0.69,1.0,0.2,0.44,0.38,0.08,0.71,0.23,0.36,0.0,0.14,0.83,0.25,0.5,0.9,0.67,0.8,0.4,0.33,0.67,0.53,0.0,0.5,0.6,0.25,0.5,0.0,1.0,0.91,0.83,0.18,0.85,0.67,0.38,1.0,0.92,0.71,0.38,0.33,0.25,0.09,0.25,1.0,0.27,0.0,0.15,0.91,0.92,0.45,0.4,0.75,0.9,0.29,0.54,0.6,0.75,0.75,0.89,1.0,1.0,0.75,0.5,0.6,0.69,0.25,0.75,1.0,0.67,0.62,0.75,0.5,0.4,1.0,0.07,0.2,0.57,0.82,0.46
000007029220,0.7,1.0,0.36,0.43,0.31,1.0,0.5,0.38,0.75,1.0,0.5,0.8,0.65,0.67,0.0,0.36,0.5,0.5,0.8,0.0,0.14,0.5,0.44,0.33,0.5,1.0,1.0,0.88,0.43,0.0,0.67,1.0,1.0,0.14,0.38,0.1,0.91,0.38,0.24,0.55,0.65,0.67,0.9,0.0,0.5,0.42,0.5,0.33,0.29,0.78,1.0,0.92,0.12,0.5,0.17,0.25,0.5,0.5,0.0,0.25,0.29,0.0,0.33,0.29,0.56,0.6,0.1,0.09,0.0,0.29,0.0,0.3,0.5,0.57,0.71,0.57,0.0,0.33,0.0,0.5,0.07,0.5,0.0,0.0,0.55,0.73,0.62,0.12,0.64,0.22,0.27,0.4,0.75,0.64,0.88,0.57,0.73,0.57,0.0,0.46,0.56,0.89,0.57,0.1,0.33,0.25,1.0,1.0,0.25,1.0,0.0,1.0,0.31,0.44,0.17,0.75,1.0,0.6,0.3,0.0,0.87,1.0,0.5,0.4,1.0,0.56,0.33,0.57,0.75,0.4,0.25,0.44,0.0,0.85,0.12,0.1,0.43,0.79,0.25,1.0,0.44,0.08,0.35,0.33,0.6,0.78,1.0,1.0,0.3,0.8,0.55,0.73,0.33,0.17,0.43,0.44,0.67,0.43,0.29,0.53,0.87,0.0,0.75,0.88,0.64,0.91,0.43,0.71,0.75,0.4,0.07,0.89,0.73,0.09,0.6,0.57,0.79,0.44,1.0,0.0,0.5,0.83,1.0,0.2,0.09,0.11,0.75,0.73,0.55,1.0,0.94,0.6,0.5,0.75,1.0,0.42,0.67,0.0,0.08,0.08,1.0,0.38,0.29,1.0,1.0,1.0,0.67,0.75,0.58,0.82,0.88,1.0,0.92,0.5,0.75,0.0,0.89,1.0,0.33,0.79,0.33,0.0,0.0,0.88,1.0,0.62,0.57,0.55,0.35,0.29,0.11,1.0,0.82,0.85,0.25,0.33,0.58,1.0,0.43,0.5,0.25,0.55,1.0,0.6,0.31,0.0,0.2,0.91,0.6,0.25,0.86,0.31,0.0,0.77,0.57,0.92,0.75,0.67,0.92,1.0,0.18,1.0,0.4,1.0,0.2,0.17,0.25,0.0,0.43,0.9,0.83,0.6,0.38,0.67,0.31,1.0,0.67,1.0,0.6,0.29,0.29,0.62,0.67,1.0,0.5,0.07,0.43,0.29,0.67,0.07,0.5,0.22,0.12,0.67,1.0,0.8,1.0,0.77,0.92,0.33,0.57,1.0,0.8,0.31,0.14,0.5,0.4,0.5,0.0,1.0,0.5,0.24,1.0,0.0,0.0,0.55,0.35,0.36,0.0,1.0,1.0,0.75,0.44,0.17,0.25,1.0,0.2,0.38,0.22,0.25,0.5,0.56,0.47,0.67,0.5,1.0,0.22,0.33,0.65,0.75,0.14,0.1,0.89,0.5,0.38,0.0,1.0,0.46,0.77,0.38,1.0,0.69,0.73,0.5,0.44,0.92,0.62,0.25,0.14,0.45,0.33,1.0,0.12,0.0,0.67,1.0,1.0,0.5,0.14,0.75,0.82,0.57,0.14,0.67,0.78,0.75,1.0,1.0,0.62,0.77,0.43,0.17,0.6,0.0,0.44,0.82,0.25,0.56,0.89,0.17,0.11,1.0,0.22,0.57,0.83,0.88,0.19
000007029250,0.95,1.0,0.29,0.15,0.2,1.0,0.48,0.81,0.83,0.94,0.69,0.6,0.5,0.76,0.17,0.47,0.64,0.5,0.75,0.0,0.32,0.65,0.46,0.27,0.2,0.86,1.0,1.0,0.08,0.4,0.46,0.93,1.0,0.07,0.14,0.0,0.83,0.38,0.4,0.44,0.45,0.33,0.88,0.5,0.44,0.38,0.86,0.5,0.43,0.82,1.0,0.94,0.4,0.92,0.25,0.29,0.8,0.61,0.04,0.14,0.47,0.2,0.27,0.23,0.72,0.88,0.0,0.04,0.05,0.47,0.15,0.36,0.46,0.33,0.53,0.76,0.11,0.29,0.44,0.0,0.11,0.5,0.15,0.11,0.89,0.53,0.53,0.11,0.62,0.37,0.38,0.17,0.75,0.75,0.81,0.0,0.82,0.58,0.1,0.17,0.5,0.93,0.4,0.46,0.25,0.5,0.75,1.0,0.5,0.72,0.0,0.67,0.14,0.44,0.46,0.92,0.96,0.38,0.2,0.33,0.53,1.0,0.5,0.44,0.94,0.86,0.0,0.67,0.43,0.47,0.0,0.5,0.0,0.88,0.47,0.21,0.6,0.81,0.08,1.0,0.5,0.0,0.16,0.08,0.33,0.43,0.83,1.0,0.0,0.44,0.5,0.44,0.09,0.33,0.18,0.53,0.8,0.54,0.13,0.57,0.83,0.07,0.62,0.67,0.82,0.87,0.08,0.64,0.89,0.33,0.08,0.94,0.57,0.07,0.22,0.38,0.72,0.53,0.75,0.0,0.33,0.65,1.0,0.33,0.64,0.06,0.69,0.93,0.8,0.75,1.0,0.88,0.62,0.9,0.94,0.43,0.77,0.0,0.33,0.0,1.0,0.33,0.13,0.9,0.75,0.84,0.6,0.69,0.53,0.87,0.69,0.73,0.92,0.78,0.67,0.18,0.73,1.0,0.0,1.0,0.08,0.18,0.12,0.56,0.87,0.56,0.57,0.43,0.54,0.92,0.25,0.91,0.88,0.5,0.17,0.39,0.67,0.69,0.28,0.46,0.69,0.55,0.89,0.8,0.29,0.11,0.07,0.54,0.64,0.4,0.92,0.4,0.0,0.79,0.36,1.0,0.78,0.77,0.87,0.8,0.12,0.94,0.29,0.94,0.14,0.38,0.2,0.0,0.55,0.86,0.69,0.64,0.44,0.73,0.29,1.0,0.67,0.81,0.69,0.0,0.38,0.38,0.7,0.64,0.7,0.0,0.0,0.29,0.78,0.0,0.78,0.5,0.45,0.76,1.0,0.8,0.85,0.9,0.83,0.0,0.58,0.87,0.56,0.19,0.32,0.55,0.62,0.27,0.08,0.81,0.45,0.0,0.94,0.16,0.0,0.71,0.44,0.15,0.18,0.83,1.0,0.68,0.64,0.13,0.08,0.94,0.32,0.45,0.11,0.06,0.92,0.32,0.79,0.86,0.56,0.9,0.21,0.33,0.67,0.76,0.14,0.1,0.78,0.09,0.38,0.06,0.95,0.81,0.71,0.67,0.89,0.64,0.5,0.91,0.88,1.0,0.35,0.5,0.13,0.58,0.23,1.0,0.07,0.07,0.11,0.83,0.93,0.5,0.14,0.95,0.8,0.21,0.17,0.77,0.73,0.78,0.85,0.64,0.91,0.92,0.47,0.59,0.38,0.08,0.7,0.8,0.14,0.46,0.89,0.33,0.17,1.0,0.11,0.17,0.8,0.6,0.44
000007029310,0.84,1.0,0.47,0.35,0.38,0.81,0.73,0.79,0.93,0.94,0.53,0.25,0.71,0.61,0.17,0.64,1.0,0.69,0.4,0.12,0.58,0.4,0.58,0.58,0.5,0.92,1.0,0.77,0.42,0.0,0.39,0.86,0.94,0.47,0.23,0.09,0.88,0.14,0.41,0.35,0.36,0.52,0.92,0.47,0.46,0.17,0.58,0.67,0.35,0.73,1.0,0.83,0.18,0.91,0.24,0.33,0.75,0.54,0.0,0.47,0.31,0.2,0.16,0.32,0.7,0.96,0.0,0.47,0.05,0.36,0.33,0.0,0.59,0.33,0.46,0.5,0.18,0.32,0.43,0.06,0.31,0.21,0.0,0.1,0.5,0.68,0.36,0.19,0.4,0.65,0.19,0.21,0.65,0.53,0.76,0.0,0.6,0.71,0.19,0.33,0.44,0.7,0.48,0.42,0.38,0.53,0.71,0.9,0.54,0.77,0.0,0.83,0.0,0.44,0.11,0.91,0.95,0.4,0.59,0.27,0.75,0.95,0.56,0.5,1.0,0.82,0.0,0.67,0.39,0.18,0.27,0.41,0.06,0.89,0.42,0.17,0.84,0.74,0.1,1.0,0.21,0.19,0.26,0.0,0.33,0.53,1.0,1.0,0.05,0.7,0.43,0.59,0.2,0.41,0.59,0.33,0.56,0.56,0.24,0.57,0.62,0.23,0.69,0.48,0.7,0.83,0.31,0.67,0.85,0.57,0.22,0.94,0.56,0.0,0.5,0.53,0.96,0.27,0.91,0.1,0.52,0.46,0.89,0.31,0.41,0.22,0.47,0.92,0.68,0.77,0.94,1.0,0.65,0.82,0.92,0.29,0.95,0.08,0.22,0.18,0.92,0.17,0.11,0.91,0.65,0.84,0.6,1.0,0.61,0.85,0.62,0.82,0.94,0.5,0.78,0.06,0.78,1.0,0.16,0.9,0.07,0.5,0.22,0.47,1.0,0.4,0.43,0.59,0.43,0.63,0.14,0.76,0.86,0.68,0.38,0.65,0.4,0.88,0.41,0.5,0.63,0.59,0.74,0.85,0.26,0.0,0.24,0.65,0.52,0.12,1.0,0.86,0.0,0.81,0.75,0.94,0.5,0.77,0.74,1.0,0.15,0.89,0.19,0.96,0.19,0.05,0.27,0.0,0.42,1.0,0.89,0.72,0.45,0.72,0.36,1.0,0.74,1.0,0.92,0.19,0.56,0.6,0.56,0.69,0.56,0.05,0.07,0.13,0.83,0.06,0.86,0.22,0.57,0.43,1.0,0.94,0.79,0.75,0.64,0.27,0.73,0.81,0.72,0.32,0.0,0.65,0.56,0.18,0.0,0.73,0.36,0.26,1.0,0.08,0.09,0.88,0.39,0.17,0.16,1.0,1.0,0.69,0.27,0.24,0.1,0.88,0.14,0.47,0.08,0.58,0.89,0.5,0.65,0.95,0.48,0.93,0.31,0.39,0.47,0.47,0.0,0.36,0.83,0.53,0.6,0.0,1.0,0.76,0.71,0.85,0.89,0.5,0.36,0.9,0.86,0.83,0.56,0.5,0.23,0.27,0.24,1.0,0.1,0.09,0.16,0.83,0.96,0.67,0.25,0.94,0.84,0.44,0.22,0.87,0.64,0.78,0.92,0.95,1.0,0.95,0.72,0.35,0.71,0.1,0.92,0.95,0.43,0.72,0.67,0.1,0.24,1.0,0.06,0.37,0.5,0.75,0.38
000007029350,0.82,1.0,0.29,0.08,0.0,1.0,0.62,0.65,0.82,0.85,0.79,0.62,0.58,0.86,0.1,0.3,0.46,0.54,0.71,0.0,0.79,0.33,0.53,0.33,0.47,0.83,1.0,1.0,0.17,0.1,0.73,1.0,1.0,0.46,0.25,0.0,0.75,0.18,0.25,0.46,0.25,0.53,0.7,0.5,0.22,0.41,0.67,0.73,0.0,0.7,1.0,0.7,0.25,1.0,0.08,0.5,0.75,0.33,0.05,0.25,0.27,0.0,0.73,0.23,0.59,1.0,0.1,0.15,0.0,0.17,0.36,0.25,1.0,0.4,0.75,0.44,0.08,0.09,0.25,0.57,0.19,0.07,0.06,0.18,0.62,0.94,0.6,0.1,0.55,0.62,0.11,0.29,0.73,0.56,0.9,0.38,0.62,0.64,0.57,0.7,0.57,0.9,0.46,0.36,0.27,0.55,1.0,1.0,0.31,0.88,0.0,0.56,0.3,0.11,0.29,1.0,0.92,0.41,0.25,0.38,0.67,1.0,0.4,0.57,0.82,0.93,0.0,0.83,0.33,0.82,0.17,0.64,0.0,0.87,0.25,0.42,0.86,0.76,0.11,1.0,0.79,0.5,0.23,0.06,0.25,0.45,0.88,1.0,0.0,0.56,0.58,0.46,0.13,0.38,0.62,0.43,0.5,0.25,0.6,0.87,0.9,0.43,0.82,0.83,0.55,0.83,0.55,0.6,0.6,0.46,0.21,0.89,0.64,0.05,0.5,0.33,0.93,0.31,0.88,0.14,0.69,0.62,1.0,0.33,0.71,0.15,0.8,1.0,0.9,0.86,1.0,1.0,0.6,0.83,0.8,0.31,1.0,0.12,0.22,0.11,1.0,0.3,0.1,0.94,0.79,1.0,0.75,0.92,0.45,0.93,0.65,1.0,0.96,0.46,0.79,0.12,0.6,1.0,0.08,0.92,0.38,0.23,0.09,0.5,0.89,0.53,0.71,0.42,0.67,0.71,0.33,0.9,0.89,0.88,0.17,0.13,0.54,0.6,0.4,0.62,0.75,0.75,0.83,0.5,0.36,0.0,0.55,0.43,0.53,0.38,0.7,0.6,0.0,0.88,0.48,1.0,0.5,0.82,0.93,0.83,0.21,1.0,0.5,0.91,0.07,0.0,0.29,0.23,0.38,1.0,0.38,0.27,0.55,0.86,0.67,1.0,0.67,1.0,0.75,0.25,0.82,0.56,0.7,0.73,0.82,0.07,0.2,0.42,1.0,0.25,0.53,0.78,0.62,0.58,1.0,0.87,0.79,1.0,0.92,0.21,0.5,1.0,0.89,0.18,0.27,0.27,0.56,0.27,0.0,0.85,0.38,0.06,1.0,0.29,0.25,0.92,0.36,0.75,0.17,1.0,1.0,0.36,0.5,0.27,0.0,0.85,0.25,0.6,0.0,0.2,0.81,0.5,0.6,0.9,0.5,1.0,0.31,0.45,0.25,0.69,0.17,0.25,0.67,0.43,0.33,0.08,1.0,0.93,0.64,0.75,0.6,0.62,0.47,0.5,0.67,0.89,0.5,0.46,0.0,0.39,0.33,1.0,0.0,0.13,0.56,0.92,1.0,0.38,0.33,1.0,0.87,0.55,0.38,0.8,0.78,0.75,0.87,1.0,0.29,0.8,0.52,0.5,0.8,0.09,0.73,0.93,0.57,0.72,0.64,0.23,0.0,1.0,0.0,0.21,0.83,0.68,0.62
000007029360,0.86,1.0,0.43,0.19,0.08,1.0,0.43,0.53,0.67,0.89,0.18,0.25,0.83,0.56,0.12,0.19,0.5,0.9,0.83,0.0,1.0,0.6,0.33,0.5,0.38,1.0,1.0,0.73,0.11,0.0,0.5,0.75,0.93,0.14,0.0,0.12,0.92,0.0,0.25,0.19,0.19,0.83,0.85,0.29,0.27,0.09,0.5,0.75,0.42,0.67,1.0,0.87,0.4,0.87,0.0,0.5,0.58,0.71,0.0,0.21,0.4,0.14,0.62,0.33,0.5,0.91,0.0,0.2,0.0,0.3,0.15,0.22,0.4,0.42,0.38,0.33,0.06,0.22,0.21,0.0,0.5,0.42,0.07,0.0,0.56,0.47,0.5,0.3,0.64,0.74,0.25,0.31,0.73,0.55,0.79,0.0,0.8,0.3,0.43,0.08,0.45,0.82,0.28,0.33,0.4,0.33,0.4,1.0,0.33,0.61,0.0,0.88,0.07,0.43,0.08,0.87,0.94,0.29,0.36,0.25,0.64,1.0,0.83,0.43,1.0,0.89,0.1,0.71,0.2,0.25,0.28,0.75,0.09,0.47,0.27,0.18,0.69,0.84,0.24,1.0,0.36,0.27,0.08,0.5,0.4,0.25,0.93,1.0,0.0,0.68,0.6,0.64,0.17,0.09,0.58,0.46,0.67,0.57,0.33,0.7,1.0,0.33,0.53,0.89,0.6,0.86,0.33,0.29,0.56,0.4,0.2,1.0,0.45,0.07,0.33,0.24,0.83,0.36,0.94,0.1,0.38,0.14,0.64,0.3,0.55,0.14,0.5,1.0,0.17,1.0,1.0,0.93,0.27,0.93,0.78,0.28,0.92,0.08,0.25,0.13,1.0,0.36,0.18,0.91,0.64,0.75,0.45,1.0,0.32,1.0,0.71,0.86,0.83,0.0,0.6,0.3,0.6,1.0,0.08,0.71,0.14,0.44,0.27,0.38,0.94,0.64,0.54,0.67,0.5,0.5,0.21,0.91,0.89,0.92,0.19,0.44,0.5,0.93,0.0,0.36,0.57,0.58,0.75,0.57,0.42,0.18,0.17,0.61,0.75,0.1,0.88,1.0,0.0,0.81,0.62,1.0,0.55,0.12,1.0,0.62,0.11,1.0,0.1,1.0,0.2,0.25,0.47,0.05,0.09,1.0,0.73,0.5,0.5,0.5,0.27,1.0,0.55,0.8,0.8,0.67,0.48,0.38,0.64,0.3,0.62,0.06,0.08,0.18,1.0,0.21,0.8,0.46,0.31,0.62,1.0,0.71,0.67,1.0,0.69,0.21,0.44,0.75,0.62,0.27,0.22,0.44,0.35,0.13,0.0,0.69,0.45,0.07,1.0,0.0,0.05,0.57,0.43,0.18,0.12,1.0,0.92,0.52,0.24,0.25,0.07,0.8,0.21,0.46,0.1,0.2,0.94,0.27,0.62,0.91,0.8,0.9,0.11,0.14,0.35,0.78,0.0,0.31,0.44,0.5,0.44,0.0,1.0,0.81,0.88,0.47,0.92,0.5,0.12,0.83,0.54,0.88,0.33,0.4,0.36,0.45,0.11,0.82,0.12,0.0,0.29,1.0,1.0,0.62,0.11,1.0,0.75,0.17,0.17,0.81,0.87,0.79,0.9,1.0,0.91,0.86,0.41,0.53,0.54,0.0,0.89,0.71,0.22,0.8,0.67,0.47,0.0,1.0,0.25,0.42,0.5,0.25,0.6
000007029390,0.59,1.0,0.43,0.25,0.24,1.0,0.6,0.75,0.25,1.0,0.43,0.0,0.82,0.67,0.08,0.75,0.43,0.38,1.0,0.0,0.38,0.29,0.5,0.44,0.22,0.9,1.0,1.0,0.33,0.25,0.58,0.71,1.0,0.2,0.0,0.15,0.88,0.36,0.25,0.11,0.24,0.56,0.64,0.09,0.24,0.11,0.56,0.62,0.57,0.78,1.0,0.8,0.33,0.83,0.21,0.17,0.5,0.6,0.14,0.4,0.5,0.08,0.72,0.39,0.5,0.92,0.22,0.22,0.14,0.22,0.12,0.25,0.7,0.5,0.71,0.5,0.0,0.36,0.4,0.08,0.29,0.12,0.0,0.0,0.75,0.33,0.17,0.22,0.75,0.33,0.25,0.25,0.57,0.44,0.62,0.0,0.83,0.6,0.64,0.2,0.44,1.0,0.44,0.08,0.14,0.33,0.0,1.0,0.45,0.58,0.0,0.5,0.15,0.27,0.15,0.5,0.9,0.57,0.2,0.0,0.56,1.0,0.67,0.83,1.0,0.33,0.0,0.85,0.12,0.19,0.23,0.5,0.07,0.82,0.24,0.15,0.87,0.91,0.1,0.85,0.6,0.2,0.13,0.18,0.71,0.83,0.82,0.92,0.0,0.33,0.36,0.29,0.0,0.38,0.17,0.1,0.5,0.44,0.22,0.33,0.89,0.0,0.31,0.79,0.75,0.94,0.56,0.86,0.2,0.33,0.11,0.86,0.33,0.07,0.29,0.4,0.83,0.27,0.82,0.3,0.54,0.33,1.0,0.41,0.26,0.0,0.86,0.72,0.7,0.79,0.83,0.67,0.44,0.78,0.89,0.54,0.94,0.0,0.08,0.25,0.89,0.25,0.0,0.88,0.27,0.5,0.56,0.67,0.83,1.0,0.5,1.0,0.88,0.29,0.94,0.12,0.2,1.0,0.0,0.64,0.2,0.0,0.07,0.5,0.92,0.4,0.45,0.57,0.21,1.0,0.5,0.62,0.57,0.9,0.4,0.3,0.33,0.69,0.44,0.25,0.29,0.76,0.77,0.83,0.25,0.08,0.36,0.3,0.64,0.0,0.9,0.57,0.0,1.0,0.77,1.0,0.4,0.55,0.81,0.62,0.25,0.69,0.0,0.89,0.23,0.0,0.21,0.0,0.7,1.0,0.57,0.67,0.79,0.4,0.4,1.0,0.1,0.73,0.45,0.36,0.45,0.64,0.5,0.43,0.79,0.0,0.0,0.17,0.86,0.08,1.0,0.45,0.2,0.8,0.8,0.58,0.33,0.88,0.5,0.3,0.62,0.75,0.3,0.67,0.0,0.44,0.45,0.11,0.0,0.75,0.29,0.0,1.0,0.07,0.0,0.58,0.54,0.08,0.07,0.82,0.93,0.56,0.5,0.29,0.07,0.78,1.0,0.5,0.36,0.33,0.82,0.89,0.19,0.79,0.79,0.85,0.12,0.5,0.75,0.62,0.08,0.09,0.44,0.5,0.58,0.09,0.93,0.5,0.71,0.89,0.75,0.55,0.64,0.56,0.38,0.76,0.33,0.4,0.21,0.1,0.3,1.0,0.07,0.08,0.27,0.86,1.0,0.25,0.46,1.0,0.91,0.22,0.2,0.41,0.74,0.5,0.88,0.5,0.83,1.0,0.24,0.4,0.33,0.0,0.8,0.91,0.56,0.56,0.44,0.11,0.37,1.0,0.14,0.47,0.7,0.27,0.29
000007029410,1.0,1.0,0.5,0.31,0.2,0.79,0.61,0.71,0.8,1.0,0.29,0.0,0.57,0.77,0.29,0.29,0.6,0.6,0.7,0.0,0.43,0.86,0.27,0.5,0.3,1.0,1.0,0.9,0.8,0.29,0.75,0.62,1.0,0.17,0.22,0.18,1.0,0.33,0.5,0.67,0.18,0.88,0.83,0.25,0.23,0.38,0.17,0.69,0.0,0.89,1.0,0.56,0.29,0.78,0.18,0.42,0.73,0.75,0.1,0.33,0.5,0.0,0.62,0.33,0.44,1.0,0.0,0.22,0.0,0.5,0.09,0.5,0.57,0.43,0.33,0.7,0.0,0.29,0.38,0.1,0.25,0.33,0.3,0.0,0.57,0.44,0.43,0.2,0.2,0.5,0.22,0.43,0.64,0.36,0.83,0.27,1.0,0.5,0.43,0.1,0.47,0.8,0.5,0.44,0.2,0.33,0.6,0.86,0.5,0.56,0.0,1.0,0.14,0.67,0.29,0.89,1.0,0.55,0.5,0.3,0.88,1.0,0.58,0.3,1.0,0.64,0.1,0.86,0.36,0.33,0.11,0.25,0.0,1.0,0.46,0.57,0.33,0.6,0.11,1.0,0.62,0.0,0.14,0.29,0.36,0.57,0.83,1.0,0.0,0.57,0.17,0.67,0.0,0.33,0.5,0.17,0.33,0.14,0.1,0.42,0.71,0.13,0.83,0.91,0.38,1.0,0.0,0.78,0.57,0.36,0.0,1.0,0.57,0.0,0.3,0.55,1.0,0.64,0.91,0.0,0.62,1.0,1.0,0.25,0.44,0.0,0.57,1.0,0.67,0.6,0.91,0.92,0.82,0.6,1.0,0.0,0.57,0.12,0.0,0.36,0.71,0.4,0.0,1.0,0.9,0.91,0.5,0.64,0.4,0.91,0.67,0.57,0.92,0.4,0.67,0.0,0.6,0.86,0.0,0.7,0.27,0.0,0.29,0.78,0.92,0.67,0.43,0.4,0.64,0.63,0.11,1.0,1.0,0.92,0.17,0.29,0.56,1.0,0.2,0.33,0.62,0.7,0.71,0.5,0.36,0.1,0.25,0.69,0.91,0.22,0.67,0.5,0.0,0.92,0.75,0.91,0.2,0.67,0.9,0.67,0.2,0.89,0.25,1.0,0.17,0.14,0.62,0.12,0.57,1.0,0.56,0.62,0.57,0.83,0.4,1.0,1.0,0.92,0.2,0.18,0.5,0.25,0.57,0.6,0.75,0.0,0.0,0.2,0.83,0.0,0.9,0.38,0.44,0.75,1.0,0.73,0.91,1.0,0.8,0.23,0.5,0.83,0.2,0.38,0.6,0.4,0.71,0.36,0.0,0.7,0.67,0.0,1.0,0.08,0.0,0.91,0.73,0.12,0.22,1.0,1.0,0.78,0.5,0.29,0.1,0.7,0.11,0.75,0.11,0.09,0.67,0.33,0.75,0.75,0.25,0.86,0.33,0.54,0.64,0.8,0.25,0.55,0.68,0.57,0.27,0.14,1.0,1.0,0.75,0.8,0.88,0.62,0.5,0.75,0.33,0.88,0.2,0.25,0.12,0.38,0.4,1.0,0.08,0.0,0.31,1.0,1.0,0.27,0.15,0.8,0.89,0.43,0.2,0.64,0.67,0.75,1.0,0.78,1.0,0.82,0.71,0.36,0.62,0.07,1.0,0.8,0.57,0.71,0.83,0.33,0.11,1.0,0.1,0.17,0.3,0.57,0.4
000007029550,0.81,1.0,0.39,0.42,0.41,0.94,0.67,0.38,0.88,0.93,0.35,0.47,0.4,0.77,0.11,0.38,0.5,0.53,0.7,0.0,0.5,0.7,0.42,0.33,0.44,0.78,1.0,0.68,0.0,0.08,0.73,0.86,1.0,0.0,0.11,0.24,0.9,0.0,0.21,0.35,0.2,0.67,0.86,0.15,0.08,0.12,0.59,0.68,0.57,0.67,1.0,0.7,0.71,0.93,0.13,0.15,0.78,0.6,0.19,0.2,0.33,0.16,0.52,0.67,0.24,1.0,0.04,0.12,0.0,0.44,0.18,0.11,0.76,0.43,0.6,0.71,0.0,0.31,0.33,0.12,0.25,0.29,0.3,0.18,0.92,0.5,0.44,0.27,0.27,0.24,0.07,0.25,0.67,0.53,0.65,0.44,0.73,0.67,0.54,0.25,0.7,0.96,0.32,0.3,0.28,0.36,0.59,0.96,0.48,0.56,0.0,0.83,0.12,0.23,0.27,0.75,0.93,0.62,0.17,0.07,0.94,1.0,0.75,0.6,1.0,0.43,0.0,0.91,0.0,0.36,0.25,0.43,0.0,0.87,0.1,0.17,0.62,0.91,0.42,1.0,0.33,0.07,0.13,0.19,0.5,0.31,1.0,1.0,0.08,0.5,0.24,0.46,0.08,0.17,0.6,0.39,0.53,0.35,0.32,0.81,0.95,0.35,0.7,0.4,1.0,0.82,0.36,0.91,0.82,0.25,0.22,0.81,0.54,0.21,0.45,0.4,0.83,0.6,1.0,0.0,0.37,0.44,0.9,0.24,0.5,0.12,0.87,1.0,0.7,1.0,1.0,0.89,0.81,0.9,0.95,0.23,0.78,0.0,0.14,0.06,0.95,0.16,0.33,1.0,0.77,0.9,0.82,0.94,0.63,0.58,0.83,0.75,0.88,0.78,1.0,0.21,0.89,0.95,0.1,0.54,0.47,0.07,0.41,0.53,0.94,0.76,0.46,0.4,0.47,0.67,0.28,0.86,0.85,0.94,0.23,0.17,0.47,0.94,0.38,0.1,0.58,0.5,0.89,0.46,0.43,0.0,0.15,0.36,0.7,0.15,0.81,0.7,0.06,0.67,0.82,0.93,0.5,0.76,1.0,0.69,0.44,0.62,0.17,0.87,0.07,0.0,0.22,0.04,0.27,1.0,0.75,0.46,0.47,0.85,0.3,0.93,0.56,1.0,0.5,0.28,0.31,0.43,0.69,0.36,0.56,0.18,0.2,0.31,0.85,0.14,0.5,0.44,0.57,0.5,1.0,0.93,0.61,0.88,0.8,0.35,0.33,0.78,0.87,0.4,0.31,0.57,0.67,0.33,0.05,0.78,0.73,0.05,1.0,0.1,0.0,0.26,0.32,0.09,0.16,1.0,0.86,0.5,0.12,0.28,0.08,0.75,0.0,0.56,0.0,0.25,0.79,0.57,0.6,0.94,0.44,1.0,0.16,0.53,0.53,0.65,0.26,0.24,0.33,0.27,0.43,0.0,1.0,0.53,0.82,0.64,0.67,0.36,0.6,0.67,0.42,0.75,0.25,0.3,0.15,0.47,0.26,1.0,0.07,0.21,0.29,1.0,1.0,0.36,0.41,0.71,0.8,0.56,0.41,0.61,0.82,0.79,0.8,0.83,0.78,1.0,0.72,0.33,0.53,0.0,0.67,1.0,0.38,0.67,0.9,0.31,0.19,1.0,0.05,0.58,0.59,0.93,0.54
000007029560,0.86,1.0,0.33,0.53,0.19,1.0,0.46,0.3,0.59,0.93,0.41,0.5,0.89,0.64,0.12,0.48,0.31,0.75,0.65,0.0,0.43,0.38,0.38,0.43,0.45,0.88,1.0,0.78,0.36,0.05,0.67,0.8,1.0,0.12,0.17,0.09,1.0,0.5,0.16,0.33,0.19,0.73,0.78,0.25,0.25,0.18,0.57,0.44,0.41,0.89,0.95,1.0,0.12,0.67,0.17,0.5,0.48,0.57,0.0,0.2,0.43,0.06,0.63,0.33,0.53,1.0,0.27,0.29,0.06,0.44,0.2,0.12,0.86,0.58,0.47,0.59,0.0,0.15,0.33,0.13,0.23,0.42,0.1,0.22,0.61,0.62,0.44,0.13,0.48,0.27,0.29,0.43,0.41,0.48,0.71,0.19,0.69,0.58,0.5,0.31,0.35,0.89,0.0,0.5,0.23,0.57,0.62,1.0,0.14,0.4,0.0,0.55,0.11,0.29,0.13,0.91,1.0,0.29,0.48,0.08,0.65,0.96,0.5,0.27,0.95,0.71,0.04,0.8,0.42,0.43,0.12,0.38,0.0,0.83,0.33,0.22,0.62,0.69,0.28,0.88,0.25,0.13,0.32,0.05,0.3,0.58,1.0,0.96,0.15,0.45,0.57,0.65,0.3,0.22,0.44,0.43,0.56,0.45,0.33,0.57,0.57,0.15,0.65,0.71,0.53,0.72,0.21,0.91,0.92,0.32,0.05,1.0,0.5,0.03,0.71,0.33,0.89,0.6,1.0,0.0,0.44,0.5,1.0,0.3,0.53,0.14,0.67,0.95,0.78,1.0,1.0,0.76,0.37,0.63,0.95,0.32,0.64,0.05,0.18,0.19,0.81,0.2,0.16,1.0,0.91,0.82,0.81,0.87,0.5,0.75,0.7,1.0,0.84,0.57,0.73,0.05,0.47,1.0,0.0,0.69,0.29,0.05,0.04,0.64,1.0,0.53,0.59,0.24,0.53,0.5,0.24,0.68,1.0,0.8,0.09,0.56,0.63,0.94,0.33,0.5,0.62,0.52,0.87,0.73,0.5,0.05,0.23,0.38,0.58,0.45,0.68,0.5,0.0,0.87,0.82,1.0,0.7,0.5,0.93,0.75,0.25,1.0,0.53,1.0,0.29,0.18,0.18,0.17,0.5,1.0,0.56,0.57,0.62,0.61,0.54,0.95,0.83,0.95,0.78,0.57,0.87,0.43,0.42,0.42,0.75,0.08,0.27,0.6,1.0,0.0,0.59,0.43,0.54,0.26,1.0,0.6,0.62,0.88,0.86,0.41,0.65,0.68,0.73,0.53,0.31,0.43,0.38,0.27,0.05,0.89,0.27,0.0,1.0,0.0,0.08,0.81,0.38,0.4,0.2,0.88,1.0,0.43,0.5,0.28,0.1,0.55,0.31,0.69,0.25,0.05,0.83,0.69,0.4,0.88,0.33,0.88,0.26,0.42,0.59,0.46,0.24,0.27,0.85,0.39,0.38,0.0,1.0,0.89,0.81,0.35,1.0,0.46,0.76,0.87,0.73,0.87,0.43,0.44,0.25,0.35,0.3,0.95,0.23,0.12,0.08,0.82,0.88,0.47,0.25,0.86,1.0,0.59,0.5,0.64,0.81,0.58,0.94,0.85,0.82,0.9,0.27,0.1,0.75,0.06,0.94,0.47,0.3,0.71,0.64,0.58,0.23,0.94,0.0,0.55,0.7,0.71,0.41
000007029580,0.92,1.0,0.15,0.22,0.43,1.0,0.29,0.86,0.57,1.0,0.2,0.2,0.57,0.92,0.08,0.75,0.78,0.57,0.92,0.14,0.71,0.5,0.5,0.5,0.43,0.6,1.0,0.92,0.22,0.25,0.57,0.86,1.0,0.2,0.0,0.1,1.0,0.09,0.12,0.25,0.17,0.67,0.81,0.33,0.25,0.0,0.43,0.5,0.62,0.75,1.0,0.88,0.6,0.86,0.11,0.44,0.45,0.33,0.0,0.18,0.5,0.12,0.82,0.3,0.58,1.0,0.14,0.0,0.0,0.5,0.25,0.17,0.5,0.62,0.25,0.62,0.0,0.0,0.31,0.09,0.11,0.67,0.0,0.14,0.7,0.11,0.57,0.17,0.58,0.4,0.4,0.13,0.78,0.36,0.75,0.0,0.83,0.67,0.14,0.11,0.38,1.0,0.36,0.28,0.55,0.27,0.4,1.0,0.62,0.53,0.0,0.64,0.18,0.58,0.0,0.9,1.0,0.5,0.29,0.4,1.0,1.0,0.64,0.33,1.0,1.0,0.0,0.79,0.25,0.11,0.21,0.83,0.1,0.62,0.17,0.28,0.59,0.82,0.08,1.0,0.5,0.23,0.0,0.2,0.4,0.62,1.0,1.0,0.12,0.44,0.23,0.36,0.0,0.25,0.89,0.38,0.56,0.44,0.31,0.36,0.88,0.11,0.67,0.54,0.4,1.0,0.15,0.29,0.0,0.0,0.11,0.8,0.42,0.21,0.33,0.38,1.0,0.17,0.92,0.08,0.43,0.67,1.0,0.43,0.78,0.11,0.6,0.93,0.64,1.0,0.92,0.91,0.8,0.93,1.0,0.33,0.83,0.0,0.08,0.11,1.0,0.46,0.0,1.0,0.83,0.89,0.6,1.0,0.86,1.0,0.43,1.0,1.0,0.83,0.89,0.08,0.29,1.0,0.17,0.75,0.3,0.12,0.0,0.55,1.0,0.75,0.62,0.55,0.45,0.7,0.0,0.8,0.85,0.94,0.22,0.08,0.75,0.94,0.87,0.5,0.67,0.67,1.0,0.83,0.67,0.0,0.21,0.64,0.46,0.17,1.0,0.71,0.0,0.92,0.71,1.0,0.33,0.81,1.0,0.69,0.24,0.75,0.38,1.0,0.11,0.0,0.17,0.06,0.36,0.92,0.67,0.56,0.69,0.5,0.4,0.86,0.71,1.0,0.6,0.54,0.67,0.17,0.6,0.56,0.8,0.07,0.1,0.2,0.86,0.2,0.8,0.27,0.54,0.71,1.0,0.86,1.0,0.91,1.0,0.36,0.42,0.5,0.38,0.36,0.22,0.38,0.64,0.4,0.0,0.92,0.5,0.0,1.0,0.17,0.0,0.53,0.43,0.09,0.18,0.83,1.0,0.4,0.33,0.0,0.08,0.8,0.3,0.78,0.0,0.09,1.0,0.0,0.54,0.88,0.22,0.83,0.33,0.5,0.6,0.67,0.0,0.38,0.2,0.33,0.31,0.14,1.0,0.92,0.77,0.55,0.89,0.46,0.56,0.58,0.67,0.62,0.62,0.67,0.27,0.62,0.0,1.0,0.15,0.12,0.3,0.83,1.0,0.25,0.36,0.78,0.85,0.5,0.36,0.67,0.78,0.62,0.62,0.92,0.8,0.92,0.2,0.58,0.73,0.15,0.67,0.7,0.86,1.0,0.92,0.1,0.3,1.0,0.0,0.38,0.09,0.75,0.11
000007029610,0.86,1.0,0.57,0.17,0.14,1.0,0.64,0.89,0.91,1.0,0.7,0.27,0.91,0.75,0.0,0.67,0.78,0.67,0.85,0.12,0.57,0.45,0.6,0.36,0.4,1.0,1.0,0.89,0.2,0.5,0.88,0.92,1.0,0.17,0.1,0.08,0.8,0.31,0.08,0.54,0.15,0.89,0.78,0.78,0.75,0.36,0.73,0.33,0.22,1.0,1.0,0.5,0.6,0.89,0.27,0.73,0.54,0.44,0.11,0.4,0.42,0.0,0.46,0.37,0.71,0.73,0.08,0.25,0.11,0.62,0.43,0.23,0.23,0.4,0.4,0.8,0.0,0.0,0.5,0.29,0.2,0.42,0.0,0.0,0.62,0.46,0.73,0.2,0.5,0.46,0.15,0.3,0.3,0.57,0.73,0.07,0.83,0.5,0.73,0.27,0.5,0.73,0.55,0.25,0.0,0.58,0.65,1.0,0.2,0.7,0.0,0.69,0.22,0.33,0.31,0.83,0.94,0.67,0.4,0.31,1.0,1.0,0.82,0.44,1.0,0.5,0.0,0.92,0.0,0.67,0.31,0.4,0.05,1.0,0.62,0.36,0.67,0.77,0.18,1.0,0.5,0.17,0.33,0.17,0.5,0.56,0.94,1.0,0.0,0.44,0.36,0.6,0.27,0.25,0.25,0.2,0.67,0.29,0.18,0.44,0.9,0.1,0.67,0.75,0.14,0.91,0.3,0.75,0.83,0.37,0.17,0.87,0.6,0.17,0.5,0.33,1.0,0.11,0.94,0.08,0.58,0.39,0.8,0.42,0.44,0.07,0.91,1.0,0.67,0.83,1.0,0.92,0.5,0.89,0.83,0.3,0.8,0.33,0.25,0.2,0.93,0.43,0.2,0.93,0.72,0.78,0.82,1.0,0.28,0.75,0.89,0.92,1.0,0.33,0.76,0.0,0.33,1.0,0.11,0.67,0.54,0.25,0.3,0.7,1.0,0.92,0.36,0.33,0.18,0.64,0.0,0.73,0.86,0.71,0.25,0.22,0.69,1.0,0.33,0.0,0.71,0.5,0.9,0.67,0.2,0.0,0.36,1.0,0.64,0.07,1.0,0.75,0.0,1.0,0.67,1.0,0.29,0.69,0.77,0.75,0.25,1.0,0.29,0.67,0.17,0.08,0.5,0.0,0.2,1.0,0.5,0.6,0.55,0.56,0.4,0.82,0.33,0.94,0.71,0.38,0.69,0.67,0.5,0.6,0.23,0.17,0.33,0.25,0.5,0.0,0.92,0.67,0.58,0.59,1.0,0.93,0.89,0.89,0.83,0.29,0.89,0.89,0.43,0.6,0.18,0.5,0.2,0.29,0.0,0.6,0.41,0.0,1.0,0.08,0.0,0.45,0.22,0.3,0.0,0.88,1.0,0.71,0.43,0.4,0.0,1.0,0.33,0.36,0.0,0.0,0.9,0.67,0.71,0.82,0.4,0.86,0.43,0.33,0.73,0.67,0.22,0.45,0.67,0.33,0.5,0.1,0.94,0.73,0.8,1.0,0.78,0.54,0.38,0.78,0.72,0.89,0.25,0.4,0.2,0.5,0.0,1.0,0.29,0.0,0.11,1.0,0.92,0.36,0.1,0.82,0.73,0.33,0.36,0.55,0.64,0.71,1.0,0.89,0.71,0.94,0.53,0.5,0.88,0.07,0.8,0.91,0.83,0.82,0.69,0.29,0.2,1.0,0.0,0.58,0.9,0.62,0.33
000007029620,0.85,1.0,0.3,0.54,0.44,1.0,0.91,0.61,0.58,1.0,0.5,0.56,0.55,0.82,0.29,0.5,0.7,0.25,0.64,0.09,0.71,0.67,0.44,0.33,0.33,0.8,1.0,0.88,0.1,0.0,0.82,1.0,1.0,0.16,0.21,0.17,0.7,0.56,0.45,0.42,0.44,0.62,0.5,0.25,0.7,0.5,0.56,0.8,0.31,0.71,1.0,0.88,0.5,0.83,0.2,0.8,0.88,0.6,0.0,0.3,0.69,0.08,0.83,0.33,0.44,1.0,0.0,0.09,0.0,0.3,0.24,0.39,0.46,0.4,0.75,0.71,0.0,0.5,0.45,0.19,0.2,0.22,0.11,0.47,0.27,0.27,0.69,0.18,0.71,0.5,0.5,0.3,1.0,0.62,0.58,0.09,0.88,0.67,0.56,0.0,0.55,0.91,0.33,0.26,0.4,0.42,0.89,1.0,0.44,0.7,0.0,0.67,0.18,0.27,0.38,0.79,0.93,0.5,0.19,0.27,0.9,1.0,0.6,0.42,1.0,0.88,0.19,0.93,0.3,0.2,0.08,0.43,0.0,1.0,0.67,0.21,0.68,1.0,0.1,1.0,0.6,0.27,0.21,0.12,0.42,0.5,1.0,1.0,0.08,0.4,0.56,0.92,0.0,0.57,0.73,0.2,0.85,0.64,0.45,0.67,0.73,0.14,0.88,0.62,0.5,0.78,0.22,0.82,0.78,0.38,0.38,0.92,0.77,0.17,0.57,0.25,0.86,0.4,0.8,0.0,0.58,0.64,0.82,0.08,0.27,0.07,0.57,1.0,0.8,0.89,1.0,0.94,0.45,0.6,0.92,0.0,0.89,0.33,0.0,0.36,0.83,0.59,0.2,1.0,0.5,1.0,0.92,1.0,0.62,0.88,0.7,0.85,1.0,0.4,0.62,0.0,0.81,1.0,0.0,0.9,0.55,0.23,0.0,0.67,0.93,0.55,0.75,0.5,0.33,0.78,0.19,1.0,0.91,1.0,0.11,0.56,0.78,0.88,0.3,0.44,0.75,0.67,1.0,0.88,0.5,0.08,0.37,0.1,0.62,0.26,0.57,0.71,0.06,0.92,0.94,1.0,0.33,0.79,0.93,0.75,0.45,1.0,0.0,0.93,0.06,0.12,0.25,0.07,0.43,1.0,0.75,0.5,0.82,0.73,0.73,1.0,1.0,1.0,0.77,0.5,0.88,0.5,0.75,0.5,0.5,0.14,0.15,0.31,1.0,0.0,1.0,0.6,0.29,0.69,0.92,0.75,0.9,0.67,0.92,0.07,0.71,0.91,0.55,0.35,0.17,0.75,0.33,0.56,0.0,0.83,0.18,0.07,1.0,0.2,0.0,0.71,0.73,0.2,0.33,0.93,1.0,0.75,0.46,0.29,0.33,1.0,0.17,1.0,0.22,0.22,0.8,0.67,0.93,0.86,0.6,0.88,0.33,0.45,0.33,0.75,0.36,0.62,0.86,0.67,0.78,0.0,1.0,1.0,0.82,0.44,0.82,0.61,0.46,0.8,0.8,0.73,0.86,0.33,0.0,0.22,0.1,1.0,0.19,0.0,0.45,0.78,1.0,0.75,0.29,0.88,0.92,0.36,0.75,0.73,0.5,0.78,1.0,0.92,0.75,0.82,0.56,0.14,0.5,0.0,0.86,0.83,0.5,0.57,0.86,0.11,0.07,1.0,0.14,0.5,0.6,0.0,0.44
000007029640,0.94,1.0,0.36,0.33,0.27,1.0,1.0,0.64,0.42,1.0,0.58,0.6,0.46,0.45,0.12,0.82,0.45,0.68,0.6,0.0,0.5,0.17,0.33,0.31,0.0,1.0,0.92,0.62,0.29,0.0,0.56,0.67,1.0,0.4,0.29,0.08,0.91,0.22,0.44,0.8,0.4,0.43,0.73,0.0,0.0,0.0,0.6,0.71,0.5,0.85,1.0,0.9,0.21,1.0,0.36,0.27,0.74,0.38,0.3,0.41,0.47,0.07,0.54,0.38,0.82,1.0,0.09,0.17,0.12,0.17,0.14,0.2,0.83,0.33,0.57,0.62,0.0,0.29,0.43,0.17,0.38,0.24,0.08,0.18,0.57,0.57,0.62,0.44,0.43,0.29,0.75,0.5,0.38,0.07,0.53,0.2,0.9,0.5,0.4,0.21,0.5,0.92,0.21,0.0,0.64,0.16,0.6,1.0,0.7,0.83,0.0,0.67,0.21,0.67,0.15,0.8,0.73,0.35,0.42,0.6,0.7,0.9,0.82,0.27,1.0,0.73,0.0,0.85,0.17,0.29,0.14,0.5,0.36,0.83,0.21,0.17,0.57,0.85,0.0,1.0,0.64,0.13,0.33,0.06,0.17,0.38,1.0,1.0,0.0,0.23,0.14,0.5,0.21,0.5,0.11,0.17,0.53,0.29,0.31,0.55,0.88,0.09,0.54,0.71,0.5,0.79,0.25,0.6,0.58,0.33,0.5,0.94,0.73,0.08,0.89,0.43,0.83,0.19,1.0,0.0,0.73,0.69,0.75,0.43,0.42,0.15,0.58,0.78,0.73,1.0,1.0,1.0,0.12,0.75,1.0,0.27,0.92,0.12,0.16,0.09,0.92,0.15,0.12,1.0,0.29,0.5,0.64,1.0,0.65,0.71,0.78,0.91,0.89,0.64,0.93,0.06,0.71,1.0,0.06,0.57,0.38,0.15,0.27,0.77,0.89,0.2,0.31,0.72,0.43,0.4,0.19,0.87,1.0,0.83,0.27,0.2,0.29,0.93,0.38,0.42,0.54,0.43,0.83,1.0,0.15,0.0,0.36,0.64,0.5,0.0,1.0,0.5,0.0,0.9,0.63,1.0,0.33,0.59,0.77,1.0,0.11,0.92,0.0,0.8,0.0,0.0,0.25,0.08,0.27,1.0,0.71,0.67,0.5,0.64,0.67,1.0,0.67,1.0,0.41,0.33,0.33,0.38,0.43,0.67,0.64,0.08,0.44,0.11,0.75,0.0,0.67,0.47,0.6,0.57,1.0,0.78,0.69,0.79,0.94,0.09,0.54,0.5,0.11,0.44,0.33,0.27,0.64,0.54,0.0,0.67,0.44,0.17,1.0,0.09,0.0,0.75,0.28,0.35,0.17,0.92,0.93,0.4,0.27,0.31,0.06,0.83,0.6,0.47,0.23,0.21,0.75,0.73,0.5,1.0,0.62,1.0,0.18,0.55,0.79,0.55,0.22,0.45,0.67,0.6,0.58,0.0,0.94,0.6,0.71,0.32,1.0,0.8,0.37,1.0,1.0,0.69,0.43,0.38,0.0,0.07,0.19,1.0,0.28,0.18,0.29,0.92,1.0,0.27,0.25,1.0,0.67,0.35,0.5,0.62,0.8,0.86,1.0,0.9,0.83,0.9,0.56,0.38,0.29,0.17,0.92,1.0,0.75,0.56,0.83,0.11,0.5,1.0,0.08,0.4,0.75,0.29,0.46
000007029660,0.75,1.0,0.38,0.23,0.27,1.0,0.6,0.73,1.0,1.0,0.5,0.22,0.85,0.75,0.1,0.36,0.86,0.76,0.75,0.0,0.67,0.55,0.5,0.45,0.31,1.0,1.0,0.8,0.0,0.2,0.5,0.79,1.0,0.0,0.13,0.11,0.89,0.09,0.21,0.17,0.3,0.54,0.78,0.38,0.36,0.12,1.0,0.56,0.4,0.8,1.0,0.93,0.3,0.93,0.07,0.22,0.31,0.36,0.25,0.35,0.4,0.17,0.78,0.33,0.7,1.0,0.0,0.0,0.09,0.33,0.25,0.22,0.5,0.44,0.5,0.54,0.0,0.27,0.55,0.14,0.36,0.0,0.0,0.07,0.88,0.36,0.29,0.07,0.76,0.11,0.14,0.38,0.64,0.2,1.0,0.3,0.8,0.67,0.4,0.29,0.6,1.0,1.0,0.38,0.5,0.29,0.85,1.0,0.25,0.67,0.0,0.56,0.0,0.5,0.08,0.75,0.78,0.71,0.22,0.4,0.83,1.0,0.4,0.45,1.0,0.85,0.11,0.78,0.0,0.57,0.0,0.29,0.08,0.75,0.4,0.33,0.67,0.62,0.0,1.0,0.5,0.15,0.18,0.09,0.64,0.36,0.83,1.0,0.0,0.5,0.62,0.62,0.12,0.44,0.43,0.53,0.43,0.29,0.0,0.4,1.0,0.27,0.6,0.82,0.67,0.73,0.33,0.93,0.83,0.24,0.22,1.0,0.71,0.12,0.6,0.29,0.92,0.29,1.0,0.0,0.33,0.38,0.92,0.33,0.55,0.07,0.56,1.0,0.57,0.88,1.0,0.86,0.88,0.62,1.0,0.43,0.9,0.0,0.14,0.0,1.0,0.13,0.08,0.78,0.82,0.75,0.8,0.4,0.33,0.83,0.5,0.89,1.0,0.5,0.78,0.0,0.4,0.95,0.0,0.91,0.6,0.15,0.0,0.9,1.0,0.67,0.73,0.43,0.2,0.33,0.25,0.79,0.67,1.0,0.12,0.19,0.17,0.9,0.62,0.67,0.75,0.64,0.67,0.8,0.2,0.08,0.0,0.1,0.53,0.08,1.0,1.0,0.0,0.73,0.5,1.0,0.31,0.64,0.86,0.83,0.25,0.92,0.17,1.0,0.21,0.15,0.5,0.0,0.38,0.87,0.5,0.67,0.5,0.83,0.4,1.0,0.91,1.0,0.43,0.4,0.82,0.62,0.44,0.44,0.75,0.0,0.1,0.22,1.0,0.0,1.0,0.33,0.6,0.69,1.0,0.89,1.0,0.86,0.87,0.25,0.33,1.0,0.65,0.33,0.24,0.5,0.58,0.25,0.0,0.92,0.5,0.15,1.0,0.1,0.0,0.5,0.43,0.57,0.0,0.64,1.0,0.75,0.21,0.23,0.36,1.0,0.0,0.5,0.0,0.25,0.43,0.8,0.83,1.0,0.44,0.8,0.3,0.43,0.27,0.83,0.18,0.38,0.33,0.5,0.36,0.1,1.0,0.7,0.8,0.55,0.75,0.5,0.29,0.86,0.78,0.78,0.29,0.44,0.25,0.21,0.24,1.0,0.0,0.0,0.2,0.56,1.0,0.6,0.42,0.89,0.88,0.56,0.71,0.58,0.82,0.83,0.9,0.92,1.0,0.74,0.67,0.2,0.92,0.09,0.6,1.0,0.67,0.5,1.0,0.29,0.33,1.0,0.11,0.41,0.38,0.38,0.45
000007029670,0.43,1.0,0.45,0.17,0.3,1.0,0.54,0.82,0.67,0.8,0.43,0.3,0.58,0.67,0.12,0.71,0.44,0.57,0.58,0.0,0.56,0.67,0.56,0.36,0.33,0.81,1.0,0.75,0.17,0.25,0.44,0.53,1.0,0.0,0.15,0.2,0.6,0.17,0.07,0.43,0.38,0.25,0.71,0.42,0.65,0.12,0.64,0.73,0.11,0.57,1.0,0.95,0.31,1.0,0.24,0.31,0.42,0.56,0.22,0.33,0.58,0.17,0.8,0.25,0.82,0.83,0.17,0.32,0.11,0.32,0.31,0.22,0.67,0.4,0.5,0.56,0.0,0.38,0.25,0.15,0.22,0.44,0.0,0.06,0.62,0.43,0.37,0.11,0.57,0.44,0.23,0.46,0.54,0.58,0.82,0.21,0.75,0.71,0.57,0.3,0.56,0.72,0.19,0.23,0.27,0.36,0.55,0.93,0.64,0.73,0.0,0.17,0.0,0.2,0.22,0.79,0.92,0.11,0.24,0.29,0.69,0.94,0.6,0.36,1.0,0.83,0.0,0.82,0.17,0.78,0.18,0.56,0.0,0.93,0.53,0.0,0.69,0.69,0.2,1.0,0.54,0.17,0.25,0.23,0.5,0.44,0.75,1.0,0.22,0.36,0.27,0.53,0.12,0.33,0.4,0.1,0.62,0.31,0.11,0.58,0.82,0.18,0.89,0.53,0.75,0.87,0.33,1.0,0.88,0.25,0.33,1.0,0.83,0.13,0.5,0.27,1.0,0.62,0.92,0.0,0.36,0.53,1.0,0.57,0.5,0.45,0.78,0.89,0.5,1.0,0.9,0.88,0.67,0.88,0.9,0.3,1.0,0.11,0.0,0.09,1.0,0.19,0.06,0.85,0.86,0.8,0.71,1.0,0.57,0.73,0.67,0.89,1.0,0.33,1.0,0.0,0.57,1.0,0.06,0.59,0.31,0.27,0.08,0.7,0.88,0.67,0.77,0.36,0.17,0.55,0.05,1.0,0.93,0.91,0.18,0.0,0.5,0.87,0.33,0.4,0.29,1.0,0.78,0.77,0.33,0.25,0.17,0.38,0.5,0.33,0.86,0.67,0.0,0.67,0.71,1.0,0.45,1.0,0.8,0.71,0.3,0.89,0.19,0.89,0.06,0.16,0.38,0.0,0.14,1.0,1.0,0.33,0.73,0.73,0.33,1.0,0.94,0.9,0.67,0.17,0.64,0.47,0.36,0.44,0.78,0.4,0.09,0.18,0.75,0.2,0.71,0.43,0.62,0.55,1.0,0.8,0.73,0.71,0.88,0.14,0.92,0.88,0.92,0.44,0.19,0.47,0.5,0.17,0.07,0.83,0.28,0.11,0.75,0.0,0.15,1.0,0.35,0.17,0.0,0.92,1.0,0.91,0.1,0.08,0.1,0.83,0.38,0.53,0.25,0.24,0.83,0.67,0.57,0.81,0.3,0.91,0.08,0.14,0.5,0.62,0.21,0.45,1.0,0.56,0.4,0.29,0.94,0.77,0.74,0.44,0.9,0.25,0.4,0.83,1.0,0.82,0.43,0.36,0.08,0.25,0.1,0.92,0.39,0.07,0.15,0.83,1.0,0.5,0.6,1.0,1.0,0.14,0.21,0.57,0.84,0.7,1.0,0.89,0.85,0.73,0.31,0.33,0.2,0.0,1.0,0.82,0.5,0.57,0.86,0.2,0.17,1.0,0.0,0.43,0.82,0.47,0.2
000007029690,0.75,1.0,0.42,0.5,0.06,0.86,0.5,0.3,0.5,0.9,0.53,0.33,0.88,0.89,0.08,0.45,0.62,0.45,0.69,0.0,0.54,0.6,0.27,0.57,0.27,1.0,0.96,0.76,0.6,0.0,0.43,0.85,1.0,0.17,0.2,0.0,0.79,0.29,0.18,0.3,0.33,0.69,0.5,0.24,0.26,0.31,0.29,0.56,0.47,1.0,1.0,0.75,0.45,0.92,0.29,0.0,0.55,0.47,0.0,0.29,0.27,0.0,0.56,0.31,0.9,0.67,0.19,0.15,0.0,0.5,0.08,0.25,0.62,0.11,0.0,0.5,0.05,0.23,0.37,0.06,0.08,0.07,0.06,0.06,0.62,0.6,0.57,0.14,0.39,0.5,0.0,0.18,0.55,0.54,0.64,0.12,0.56,0.75,0.44,0.22,0.53,1.0,0.47,0.2,0.38,0.38,0.57,0.82,0.27,0.59,0.0,0.71,0.22,0.42,0.28,1.0,1.0,0.44,0.21,0.46,0.73,0.94,0.73,0.47,1.0,0.73,0.25,1.0,0.0,0.67,0.22,0.65,0.0,0.7,0.54,0.33,0.76,0.57,0.11,1.0,0.0,0.31,0.0,0.5,0.13,0.37,0.87,1.0,0.0,0.63,0.54,0.6,0.0,0.42,0.44,0.26,0.6,0.5,0.5,0.67,0.69,0.07,0.85,0.47,0.67,0.93,0.33,0.62,0.69,0.38,0.0,0.92,0.75,0.06,0.14,0.25,0.71,0.71,1.0,0.06,0.35,0.5,1.0,0.57,0.56,0.08,0.64,0.71,0.67,0.91,1.0,1.0,0.53,0.4,1.0,0.31,0.77,0.0,0.06,0.0,0.89,0.22,0.43,0.9,1.0,0.9,0.45,0.88,0.38,1.0,0.62,0.85,0.85,0.5,0.78,0.06,0.9,1.0,0.0,0.67,0.35,0.47,0.09,0.71,1.0,0.77,0.42,0.5,0.33,0.54,0.29,0.83,0.73,0.92,0.36,0.21,0.44,0.83,0.2,0.05,0.09,0.8,0.76,0.8,0.36,0.0,0.27,0.63,0.89,0.0,0.9,0.36,0.0,1.0,0.67,1.0,0.6,0.74,1.0,0.89,0.12,0.75,0.43,1.0,0.15,0.5,0.11,0.06,0.33,1.0,0.5,0.43,0.36,0.8,0.4,1.0,1.0,1.0,0.8,0.5,0.75,0.67,0.39,0.64,0.92,0.0,0.23,0.2,1.0,0.0,0.64,0.33,0.5,0.62,1.0,0.64,0.83,0.88,0.75,0.29,0.46,0.71,0.76,0.28,0.29,0.6,0.48,0.33,0.0,0.81,0.36,0.0,1.0,0.0,0.21,0.64,0.44,0.09,0.0,1.0,1.0,0.4,0.38,0.17,0.13,1.0,0.36,0.69,0.06,0.23,1.0,0.58,0.38,0.8,0.83,0.76,0.36,0.19,0.5,0.71,0.24,0.43,0.62,0.78,0.33,0.08,1.0,0.75,0.67,0.56,0.78,0.6,0.76,0.69,0.5,0.56,0.22,0.5,0.0,0.25,0.23,1.0,0.0,0.0,0.2,0.7,1.0,0.24,0.19,0.92,0.83,0.7,0.64,0.79,0.71,0.67,0.83,0.79,0.8,0.91,0.67,0.22,0.12,0.0,0.75,0.93,0.91,0.75,0.93,0.25,0.08,0.95,0.25,0.53,0.64,0.69,0.53
000007029750,0.82,1.0,0.56,0.29,0.56,1.0,0.69,0.77,0.94,0.86,0.31,0.29,0.87,0.7,0.0,0.7,0.5,0.55,0.74,0.0,0.5,0.43,0.29,0.5,0.21,1.0,1.0,0.73,0.4,0.0,0.6,0.33,1.0,0.47,0.08,0.0,1.0,0.11,0.31,0.5,0.5,0.62,0.77,0.29,0.44,0.07,0.33,0.43,0.27,1.0,1.0,0.73,0.47,1.0,0.29,0.25,0.9,0.5,0.2,0.3,0.5,0.22,0.39,0.33,0.41,1.0,0.2,0.08,0.07,0.11,0.08,0.27,0.36,0.29,0.75,0.6,0.0,0.27,0.17,0.32,0.4,0.39,0.35,0.05,0.58,0.5,0.8,0.31,0.54,0.42,0.23,0.2,0.65,0.6,0.58,0.06,0.8,0.75,0.43,0.21,0.53,0.82,0.77,0.45,0.5,0.58,0.79,1.0,0.4,0.38,0.0,0.71,0.37,0.46,0.25,1.0,1.0,0.5,0.31,0.23,0.75,1.0,0.72,0.14,0.92,0.55,0.0,1.0,0.36,0.56,0.11,0.5,0.0,0.94,0.33,0.25,0.78,0.89,0.19,1.0,0.38,0.19,0.27,0.18,0.14,0.45,0.91,1.0,0.0,0.4,0.41,0.44,0.13,0.55,0.5,0.71,0.5,0.27,0.29,0.45,0.67,0.25,0.69,0.7,0.62,0.72,0.05,0.62,0.8,0.15,0.25,1.0,0.67,0.0,0.8,0.29,0.2,0.21,1.0,0.07,0.6,0.43,0.92,0.44,0.21,0.08,1.0,0.36,0.6,0.91,1.0,0.9,0.54,0.62,0.64,0.15,0.93,0.13,0.0,0.1,0.94,0.4,0.12,1.0,0.83,0.92,0.63,0.86,0.72,0.86,0.67,0.87,0.92,0.47,0.88,0.0,0.5,0.95,0.0,0.94,0.17,0.12,0.08,0.64,1.0,0.73,0.5,0.56,0.42,0.64,0.17,0.86,0.88,0.75,0.27,0.31,0.45,0.83,0.12,0.25,0.33,0.65,0.69,0.71,0.09,0.0,0.25,0.93,0.53,0.23,0.94,0.9,0.13,0.75,0.53,0.93,0.33,0.69,0.94,0.9,0.55,0.86,0.3,0.83,0.12,0.3,0.0,0.0,0.5,0.89,0.82,0.3,0.43,0.77,0.31,0.93,0.44,0.94,0.58,0.22,0.83,0.44,0.47,0.43,0.59,0.18,0.17,0.1,1.0,0.0,0.77,0.27,0.64,0.75,1.0,0.5,0.8,0.75,0.8,0.42,0.45,0.64,0.69,0.37,0.17,0.73,0.25,0.36,0.0,0.89,0.12,0.09,1.0,0.0,0.08,0.8,0.23,0.2,0.0,0.78,1.0,0.46,0.0,0.3,0.13,0.94,0.2,0.31,0.0,0.0,0.93,0.25,0.33,1.0,0.56,1.0,0.42,0.41,0.62,0.64,0.06,0.25,0.83,0.88,0.5,0.12,1.0,0.71,0.6,0.56,0.83,0.43,0.72,0.8,0.71,0.73,0.45,0.36,0.17,0.41,0.09,0.94,0.07,0.0,0.21,0.91,1.0,0.62,0.13,0.8,0.79,0.55,0.62,0.67,0.62,0.58,0.86,0.94,0.73,0.75,0.33,0.14,0.56,0.11,0.57,0.77,0.83,0.54,0.7,0.0,0.38,1.0,0.07,0.33,0.57,0.55,0.25
000007029760,1.0,1.0,0.38,0.4,0.23,1.0,0.42,0.6,0.5,0.89,0.3,0.13,0.8,0.82,0.0,0.2,0.44,0.56,0.64,0.0,0.2,0.69,0.29,0.36,0.36,0.92,1.0,1.0,0.33,0.08,1.0,1.0,1.0,0.08,0.25,0.0,0.82,0.42,0.43,0.38,0.15,0.62,0.33,0.25,0.25,0.12,0.33,0.71,0.42,0.84,1.0,0.89,0.08,0.77,0.1,0.46,0.59,0.67,0.5,0.26,0.29,0.14,0.45,0.0,0.89,0.93,0.05,0.09,0.07,0.2,0.17,0.09,0.5,0.12,0.5,0.44,0.0,0.25,0.4,0.23,0.11,0.4,0.12,0.0,0.5,0.5,0.42,0.26,0.42,0.5,0.0,0.0,0.88,0.44,0.64,0.0,0.73,0.44,0.3,0.2,0.11,0.89,0.58,0.0,0.53,0.08,0.5,1.0,0.25,0.62,0.0,0.69,0.14,0.0,0.0,1.0,0.85,0.6,0.47,0.27,0.59,1.0,0.61,0.38,0.8,0.6,0.0,0.83,0.1,0.56,0.09,0.67,0.07,0.9,0.25,0.24,0.31,0.92,0.2,1.0,0.5,0.0,0.0,0.36,0.33,0.42,0.79,1.0,0.0,0.23,0.12,0.11,0.09,0.42,0.75,0.0,0.46,0.67,0.12,0.6,0.88,0.14,0.38,0.71,0.64,0.82,0.33,0.86,0.7,0.55,0.13,1.0,0.64,0.0,0.29,0.3,0.71,0.36,1.0,0.11,0.21,0.55,0.8,0.36,0.57,0.4,0.7,0.91,0.56,0.86,1.0,0.7,0.5,0.75,0.83,0.25,0.83,0.08,0.0,0.2,0.89,0.14,0.33,1.0,0.55,0.85,0.6,0.75,0.18,1.0,0.57,1.0,0.86,0.5,0.73,0.0,0.75,0.91,0.0,0.73,0.21,0.15,0.27,0.58,1.0,0.62,0.83,0.4,0.55,0.67,0.07,0.62,1.0,1.0,0.33,0.67,0.44,0.75,0.12,0.08,0.5,0.8,0.67,0.86,0.11,0.0,0.0,0.5,0.62,0.41,0.88,0.29,0.0,0.89,0.92,1.0,0.67,0.62,0.89,0.64,0.11,0.67,0.44,1.0,0.1,0.0,0.29,0.17,0.5,1.0,0.82,0.33,0.38,0.45,0.67,0.88,0.0,1.0,0.73,0.8,0.67,0.3,0.75,0.64,0.86,0.07,0.25,0.2,1.0,0.0,1.0,0.44,0.47,0.45,1.0,0.82,0.54,1.0,0.83,0.2,0.0,0.67,0.45,0.09,0.2,0.38,0.5,0.15,0.06,0.7,0.17,0.0,0.86,0.06,0.08,1.0,0.3,0.12,0.0,1.0,1.0,0.22,0.69,0.0,0.0,0.78,0.57,0.38,0.17,0.11,0.62,0.56,0.56,0.92,0.57,0.83,0.5,0.15,0.5,0.44,0.0,0.17,0.62,0.56,0.44,0.15,0.9,0.64,0.84,0.5,0.85,0.44,0.17,1.0,0.93,0.78,0.38,0.17,0.33,0.0,0.33,1.0,0.08,0.0,0.0,1.0,1.0,0.5,0.33,0.7,0.56,0.36,0.69,0.62,0.91,0.89,0.71,1.0,0.8,0.81,0.56,0.11,0.58,0.0,0.75,1.0,0.38,0.5,0.79,0.2,0.2,1.0,0.0,0.22,0.91,0.57,0.25
000007029790,0.81,1.0,0.32,0.31,0.31,1.0,0.75,0.72,0.75,1.0,0.54,0.1,0.52,0.81,0.0,0.53,0.91,0.94,0.8,0.17,0.47,0.46,0.5,0.25,0.24,1.0,0.96,0.69,0.09,0.0,0.71,0.87,0.95,0.08,0.0,0.06,0.91,0.1,0.22,0.55,0.45,0.57,0.63,0.24,0.33,0.14,0.77,0.84,0.44,0.61,1.0,0.92,0.25,1.0,0.3,0.36,0.87,0.36,0.0,0.25,0.12,0.06,0.59,0.5,0.76,1.0,0.12,0.23,0.08,0.5,0.18,0.25,0.82,0.4,0.54,0.55,0.11,0.12,0.46,0.0,0.22,0.13,0.11,0.14,0.67,0.55,0.52,0.2,0.44,0.39,0.06,0.57,0.5,0.44,0.92,0.16,0.88,0.59,0.47,0.5,0.18,0.83,0.62,0.43,0.33,0.38,0.69,0.86,0.5,0.53,0.0,0.67,0.27,0.65,0.44,0.79,0.89,0.32,0.09,0.15,0.89,1.0,0.57,0.22,1.0,0.59,0.29,1.0,0.27,0.47,0.04,0.69,0.06,0.74,0.18,0.22,0.52,0.76,0.2,0.8,0.46,0.1,0.11,0.05,0.35,0.58,0.95,1.0,0.06,0.72,0.33,0.69,0.2,0.25,0.47,0.4,0.56,0.64,0.32,0.57,0.9,0.23,0.46,0.67,0.62,0.64,0.0,0.62,0.87,0.19,0.14,0.93,0.48,0.0,0.69,0.36,0.8,0.38,0.93,0.0,0.29,0.53,1.0,0.4,0.41,0.26,0.71,0.94,0.73,0.85,1.0,0.7,0.33,0.75,0.88,0.23,1.0,0.0,0.06,0.22,0.9,0.17,0.19,0.93,0.58,0.87,0.71,0.82,0.64,0.83,0.38,0.95,0.86,0.46,0.67,0.0,0.58,1.0,0.0,0.64,0.47,0.21,0.18,0.93,1.0,0.33,0.47,0.38,0.46,0.33,0.0,0.65,0.86,1.0,0.36,0.14,0.53,0.94,0.3,0.21,0.47,0.64,0.68,0.73,0.33,0.0,0.24,0.43,0.43,0.18,0.81,0.36,0.0,0.86,0.48,1.0,0.46,0.67,0.75,0.67,0.29,0.93,0.33,0.95,0.13,0.0,0.47,0.0,0.35,1.0,0.57,0.7,0.58,0.76,0.38,1.0,1.0,1.0,0.61,0.46,0.83,0.77,0.62,0.47,0.92,0.06,0.07,0.58,0.53,0.16,0.73,0.38,0.55,0.65,1.0,0.86,0.77,0.5,0.77,0.44,0.62,0.86,0.69,0.46,0.25,0.69,0.72,0.41,0.0,0.77,0.11,0.12,1.0,0.15,0.0,0.63,0.52,0.42,0.1,1.0,0.93,0.44,0.25,0.47,0.08,0.88,0.58,0.65,0.0,0.1,0.83,0.69,0.75,0.79,0.53,0.95,0.23,0.57,0.4,0.43,0.16,0.85,0.38,0.75,0.59,0.0,1.0,0.58,0.75,0.62,1.0,0.47,0.5,0.67,0.74,0.75,0.41,0.5,0.15,0.33,0.17,1.0,0.2,0.0,0.24,0.89,1.0,0.24,0.43,1.0,0.82,0.36,0.36,0.76,0.83,0.64,0.93,0.91,0.62,0.67,0.47,0.28,0.76,0.07,0.76,0.86,0.5,0.76,0.91,0.36,0.25,1.0,0.12,0.32,0.73,0.55,0.25
000007029800,0.77,1.0,0.26,0.17,0.22,0.94,0.6,0.91,0.69,0.9,0.52,0.11,0.7,0.75,0.0,0.45,0.64,0.33,0.64,0.0,0.09,0.46,0.83,0.43,0.26,0.92,1.0,0.83,0.09,0.06,0.53,0.71,1.0,0.32,0.08,0.23,0.67,0.4,0.19,0.56,0.44,0.93,0.87,0.45,0.5,0.07,0.7,0.53,0.5,0.75,0.94,0.86,0.11,1.0,0.22,0.42,0.82,0.57,0.07,0.13,0.58,0.0,0.59,0.15,0.5,0.93,0.25,0.24,0.06,0.27,0.15,0.12,0.81,0.46,0.5,0.6,0.09,0.33,0.47,0.16,0.14,0.3,0.06,0.08,0.23,0.4,0.45,0.17,0.6,0.56,0.18,0.17,0.82,0.33,0.5,0.22,0.59,0.46,0.5,0.3,0.3,0.67,0.27,0.42,0.29,0.33,0.38,1.0,0.31,0.69,0.0,0.86,0.2,0.45,0.3,0.78,1.0,0.91,0.1,0.15,0.79,0.89,0.86,0.39,0.93,0.44,0.0,0.8,0.0,0.38,0.22,0.55,0.0,0.88,0.3,0.31,0.45,0.58,0.0,1.0,0.2,0.17,0.11,0.14,0.46,0.4,1.0,1.0,0.0,0.47,0.22,0.6,0.19,0.43,0.4,0.46,0.67,0.56,0.0,0.73,0.79,0.08,0.88,0.46,0.31,1.0,0.23,0.6,0.81,0.38,0.25,0.73,1.0,0.07,0.45,0.17,1.0,0.28,0.93,0.06,0.45,0.62,1.0,0.59,0.21,0.0,0.76,0.71,0.67,0.75,1.0,0.79,0.4,0.75,0.8,0.25,0.76,0.0,0.12,0.08,0.92,0.2,0.11,1.0,0.88,0.91,0.83,1.0,0.61,1.0,0.67,0.62,0.83,0.58,0.86,0.0,0.5,1.0,0.0,0.62,0.55,0.05,0.1,0.62,1.0,0.62,0.18,0.5,0.42,0.5,0.4,0.67,0.89,0.5,0.56,0.13,0.4,0.67,0.2,0.31,0.67,0.64,1.0,0.88,0.2,0.0,0.4,0.6,0.4,0.44,0.71,0.67,0.0,0.88,0.65,1.0,0.33,0.61,0.83,0.9,0.19,1.0,0.5,1.0,0.3,0.12,0.43,0.0,0.63,1.0,0.45,0.38,0.41,0.6,0.56,1.0,1.0,0.79,0.25,0.2,0.5,0.44,0.33,0.46,0.76,0.0,0.14,0.2,0.76,0.0,0.93,0.29,0.67,0.82,0.92,0.92,0.75,0.75,0.69,0.25,0.29,0.75,0.88,0.31,0.31,0.69,0.69,0.29,0.0,0.73,0.5,0.17,1.0,0.17,0.07,0.77,0.45,0.23,0.08,0.67,0.91,0.27,0.31,0.6,0.25,0.88,0.42,0.74,0.08,0.0,0.73,0.55,0.62,0.79,0.85,1.0,0.18,0.53,0.55,0.77,0.33,0.29,0.68,0.43,0.67,0.0,1.0,0.8,0.8,0.69,1.0,0.62,0.5,0.74,0.86,0.9,0.53,0.4,0.31,0.23,0.25,1.0,0.1,0.08,0.07,0.82,1.0,0.53,0.0,0.92,0.76,0.06,0.26,0.83,0.81,0.8,0.92,0.91,1.0,1.0,0.57,0.33,0.88,0.0,0.93,0.6,0.4,0.67,0.75,0.1,0.13,1.0,0.08,0.38,0.33,0.12,0.43
000007029820,0.7,1.0,0.27,0.39,0.46,1.0,0.38,0.6,0.33,0.87,0.18,0.19,0.6,0.6,0.0,0.31,0.58,0.5,0.64,0.0,0.14,0.73,0.57,0.33,0.0,0.78,0.9,0.74,0.4,0.17,0.47,0.86,1.0,0.07,0.14,0.09,0.71,0.0,0.27,0.89,0.11,0.79,0.45,0.28,0.28,0.11,0.5,0.72,0.31,0.71,1.0,0.76,0.5,0.93,0.0,0.62,0.8,0.69,0.0,0.29,0.28,0.13,0.47,0.47,0.47,0.89,0.0,0.23,0.0,0.15,0.33,0.11,0.54,0.53,0.55,0.26,0.05,0.0,0.29,0.09,0.25,0.18,0.12,0.15,0.44,0.67,0.67,0.1,0.46,0.58,0.37,0.23,0.65,0.61,0.59,0.09,0.68,0.8,0.5,0.67,0.26,0.86,0.33,0.19,0.25,0.28,0.17,0.81,0.33,0.71,0.0,0.2,0.07,0.22,0.13,1.0,0.87,0.29,0.19,0.17,0.83,0.89,0.73,0.26,1.0,0.26,0.0,0.74,0.14,0.24,0.53,0.81,0.16,0.88,0.27,0.17,0.64,0.6,0.12,0.77,0.53,0.0,0.06,0.12,0.35,0.46,0.82,1.0,0.2,0.25,0.26,0.39,0.07,0.21,0.43,0.0,0.56,0.3,0.12,0.57,0.64,0.12,0.31,0.79,0.45,0.89,0.17,0.65,0.92,0.43,0.4,0.75,0.64,0.0,0.7,0.37,0.67,0.52,0.87,0.07,0.11,0.44,0.93,0.65,0.31,0.07,0.5,0.88,0.41,0.73,0.64,0.52,0.45,0.53,0.76,0.07,0.67,0.2,0.0,0.05,0.88,0.29,0.4,1.0,0.45,0.73,0.56,0.8,0.24,0.95,0.38,0.61,0.9,1.0,0.68,0.38,0.44,0.8,0.05,0.82,0.85,0.0,0.08,0.43,0.88,0.73,0.57,0.5,0.29,0.59,0.16,0.73,0.88,0.53,0.33,0.18,0.7,0.88,0.61,0.27,0.56,0.29,0.92,0.71,0.06,0.0,0.2,0.11,0.5,0.1,0.82,0.38,0.0,0.67,0.64,1.0,0.33,0.46,0.76,0.86,0.14,0.83,0.17,1.0,0.27,0.09,0.2,0.0,0.16,0.88,0.75,0.44,0.5,0.78,0.5,0.92,0.33,0.91,0.55,0.67,0.55,0.12,0.32,0.65,0.53,0.0,0.12,0.53,0.76,0.0,0.93,0.43,0.75,0.46,0.83,0.9,0.08,0.93,0.87,0.35,0.36,0.92,0.72,0.2,0.57,0.23,0.43,0.42,0.0,0.62,0.73,0.07,0.69,0.08,0.0,0.32,0.5,0.06,0.05,0.71,0.73,0.38,0.2,0.06,0.14,0.85,0.14,0.38,0.13,0.18,0.38,0.55,0.31,0.74,0.27,0.92,0.86,0.5,0.75,0.44,0.11,0.47,0.26,0.08,0.35,0.0,0.96,0.47,1.0,0.21,0.91,0.55,0.4,0.78,0.76,1.0,0.0,0.24,0.19,0.07,0.23,1.0,0.0,0.0,0.09,0.95,0.88,0.09,0.0,0.31,1.0,0.12,0.53,0.75,0.86,0.91,0.8,0.83,0.64,0.88,0.61,0.39,0.54,0.12,0.71,0.28,0.5,0.5,0.78,0.31,0.41,0.87,0.1,0.29,0.27,0.2,0.41
000007029850,0.92,1.0,0.28,0.25,0.28,1.0,0.26,0.54,0.71,0.89,0.24,0.43,0.43,0.75,0.09,0.33,0.62,0.6,0.47,0.08,0.46,0.55,0.64,0.38,0.12,0.76,1.0,0.82,0.32,0.07,0.57,0.91,0.96,0.0,0.14,0.04,0.83,0.18,0.48,0.83,0.32,0.68,0.68,0.29,0.31,0.08,0.56,0.7,0.41,0.9,1.0,0.88,0.33,0.55,0.2,0.33,0.6,0.67,0.0,0.4,0.55,0.25,0.6,0.13,0.38,0.91,0.08,0.12,0.0,0.2,0.16,0.07,0.53,0.4,0.27,0.45,0.0,0.13,0.25,0.11,0.36,0.13,0.29,0.12,0.36,0.27,0.41,0.21,0.5,0.52,0.32,0.18,0.74,0.77,1.0,0.12,0.6,0.57,0.21,0.38,0.44,0.78,0.11,0.1,0.32,0.17,0.5,0.87,0.36,0.69,0.0,0.36,0.17,0.27,0.0,0.73,0.79,0.62,0.11,0.25,0.94,0.94,0.59,0.56,0.57,0.17,0.07,0.79,0.24,0.21,0.29,0.53,0.04,0.82,0.4,0.05,0.55,0.59,0.28,0.81,0.32,0.2,0.17,0.09,0.67,0.47,1.0,1.0,0.05,0.4,0.44,0.47,0.19,0.16,0.35,0.35,0.46,0.47,0.32,0.4,0.73,0.1,0.32,0.78,0.5,0.75,0.31,0.5,0.7,0.28,0.4,0.9,0.26,0.13,0.43,0.25,0.79,0.15,0.79,0.08,0.33,0.44,0.96,0.47,0.22,0.24,0.38,0.89,0.5,0.7,0.91,0.69,0.2,0.57,0.8,0.33,0.74,0.16,0.13,0.08,1.0,0.21,0.22,0.88,0.75,0.78,0.58,0.93,0.39,0.94,0.56,0.7,0.73,0.33,0.6,0.0,0.67,1.0,0.07,0.65,0.69,0.06,0.11,0.56,0.93,0.5,0.58,0.27,0.39,0.54,0.15,0.81,0.9,0.44,0.3,0.04,0.47,0.91,0.54,0.39,0.71,0.31,0.7,0.88,0.12,0.0,0.18,0.25,0.5,0.1,0.87,0.62,0.0,0.78,0.59,0.93,0.67,0.7,0.95,0.75,0.15,0.5,0.3,1.0,0.18,0.19,0.13,0.0,0.11,1.0,0.29,0.33,0.56,0.71,0.5,1.0,1.0,0.86,0.5,0.23,0.53,0.39,0.33,0.29,0.72,0.0,0.16,0.35,0.93,0.05,0.88,0.53,0.45,0.26,0.8,0.89,0.91,0.86,0.75,0.32,0.1,0.86,0.56,0.19,0.32,0.33,0.5,0.23,0.07,0.68,0.38,0.09,0.83,0.24,0.0,0.44,0.32,0.29,0.0,0.88,1.0,0.56,0.14,0.35,0.05,1.0,0.18,0.75,0.12,0.0,0.72,0.36,0.53,0.62,0.25,0.88,0.17,0.62,0.5,0.72,0.04,0.3,0.28,0.38,0.78,0.1,0.96,0.68,0.86,0.27,0.73,0.5,0.48,0.85,0.78,0.95,0.11,0.31,0.05,0.08,0.15,1.0,0.05,0.04,0.09,0.67,0.95,0.23,0.25,0.65,0.92,0.14,0.43,0.67,0.68,0.57,0.81,0.88,0.38,0.89,0.55,0.4,0.67,0.06,0.75,0.76,0.36,0.33,0.68,0.13,0.21,0.96,0.1,0.46,0.33,0.26,0.11
000007029860,0.73,0.92,0.17,0.4,0.29,1.0,0.67,0.71,0.29,1.0,0.0,0.3,0.5,0.64,0.0,0.55,0.25,0.75,0.7,0.0,0.5,0.67,0.62,0.5,0.0,1.0,1.0,0.89,0.33,0.0,0.75,0.83,1.0,0.12,0.13,0.0,0.87,0.2,0.42,0.22,0.27,0.62,0.62,0.17,0.09,0.25,0.41,0.7,0.18,0.89,1.0,0.83,0.24,0.73,0.29,0.33,0.8,0.86,0.17,0.18,0.0,0.23,0.73,0.43,0.43,1.0,0.09,0.0,0.12,0.14,0.0,0.0,0.5,0.17,0.25,0.14,0.0,0.2,1.0,0.18,0.23,0.18,0.29,0.2,0.83,0.58,0.36,0.1,0.47,0.62,0.26,0.2,0.56,0.36,0.54,0.14,0.72,0.62,0.5,0.22,0.64,1.0,0.38,0.18,0.54,0.5,0.86,0.86,0.17,0.85,0.0,0.71,0.0,0.83,0.12,0.89,0.89,0.3,0.17,0.0,0.77,0.94,0.5,0.12,0.91,0.71,0.08,0.92,0.2,0.18,0.09,0.67,0.0,1.0,0.08,0.54,0.78,0.89,0.2,0.92,0.33,0.23,0.43,0.08,0.29,0.82,0.87,1.0,0.0,0.46,0.15,0.31,0.17,0.17,0.45,0.0,0.57,0.5,0.13,0.65,0.82,0.0,0.53,0.56,0.67,0.8,0.0,0.44,0.77,0.5,0.32,1.0,0.6,0.1,0.55,0.2,1.0,0.55,1.0,0.0,0.5,0.57,0.86,0.46,0.36,0.0,0.67,0.71,0.64,1.0,1.0,0.83,0.45,0.85,1.0,0.5,1.0,0.0,0.17,0.14,0.83,0.2,0.44,0.9,1.0,0.69,0.6,0.71,0.4,0.78,0.89,0.94,1.0,0.62,0.55,0.0,0.45,0.88,0.0,0.67,0.17,0.06,0.44,0.8,1.0,0.57,0.6,0.43,0.25,0.61,0.0,0.82,1.0,1.0,0.3,0.27,0.46,0.91,0.0,0.75,0.55,0.67,0.88,0.67,0.75,0.0,0.17,0.57,0.5,0.06,0.67,0.71,0.0,0.5,0.71,1.0,0.45,0.67,0.75,0.88,0.22,0.62,0.15,0.92,0.09,0.33,0.29,0.1,0.12,1.0,0.78,0.33,0.64,0.25,0.2,0.77,0.56,0.5,0.35,0.36,0.73,0.8,0.64,0.8,0.82,0.1,0.23,0.38,0.93,0.21,0.56,0.38,0.5,0.25,0.83,0.67,0.5,1.0,0.67,0.57,0.73,0.67,0.78,0.5,0.25,0.5,0.18,0.3,0.0,0.67,0.31,0.0,1.0,0.27,0.11,0.8,0.31,0.07,0.1,0.83,1.0,0.44,0.33,0.07,0.13,0.73,0.14,0.64,0.18,0.0,0.79,0.21,0.56,0.79,0.3,0.78,0.23,0.64,0.75,0.62,0.1,0.44,0.25,0.0,0.75,0.0,1.0,0.6,0.75,0.91,1.0,0.38,0.5,0.82,0.93,0.62,0.14,0.36,0.25,0.3,0.07,0.92,0.08,0.0,0.17,0.64,1.0,0.55,0.11,0.73,0.91,0.31,0.2,0.78,0.78,0.71,0.88,0.9,0.88,1.0,0.57,0.4,0.32,0.0,0.73,0.8,0.55,0.5,0.92,0.27,0.14,0.92,0.27,0.33,0.55,0.5,0.33
000007029870,0.96,1.0,0.43,0.26,0.08,0.74,0.62,0.89,0.77,0.75,0.48,0.45,0.81,0.65,0.11,0.8,0.38,0.38,0.33,0.06,0.58,0.43,0.55,0.27,0.54,0.94,1.0,0.94,0.2,0.14,0.11,0.96,1.0,0.2,0.17,0.07,0.9,0.37,0.42,0.54,0.42,0.57,0.78,0.16,0.26,0.19,0.52,0.48,0.4,0.9,1.0,0.94,0.2,0.71,0.08,0.4,0.41,0.45,0.11,0.24,0.32,0.17,0.47,0.3,0.72,0.81,0.04,0.06,0.0,0.19,0.13,0.19,0.52,0.29,0.64,0.67,0.0,0.1,0.29,0.32,0.2,0.42,0.17,0.1,0.8,0.41,0.58,0.22,0.36,0.47,0.14,0.35,0.52,0.46,0.88,0.1,0.86,0.42,0.25,0.11,0.46,0.74,0.38,0.12,0.37,0.43,0.62,0.93,0.41,0.76,0.0,0.77,0.29,0.27,0.17,0.62,0.86,0.45,0.28,0.0,0.79,1.0,0.58,0.48,0.87,0.57,0.07,0.9,0.23,0.26,0.18,0.62,0.0,0.83,0.38,0.22,0.44,0.69,0.13,1.0,0.46,0.1,0.27,0.14,0.21,0.5,1.0,1.0,0.07,0.38,0.35,0.42,0.11,0.33,0.52,0.14,0.63,0.28,0.08,0.68,0.69,0.19,0.62,0.6,0.48,0.96,0.24,0.85,0.7,0.12,0.25,0.95,0.61,0.06,0.44,0.32,0.67,0.28,0.93,0.24,0.37,0.53,1.0,0.11,0.33,0.2,0.56,1.0,0.75,0.93,1.0,0.58,0.56,0.75,0.95,0.07,0.73,0.11,0.14,0.33,0.9,0.16,0.53,0.94,0.88,0.77,0.61,1.0,0.33,0.89,0.44,0.96,0.96,0.42,0.85,0.0,0.47,0.95,0.04,0.91,0.12,0.22,0.16,0.38,1.0,0.62,0.58,0.38,0.55,0.38,0.5,0.83,1.0,0.95,0.44,0.35,0.39,1.0,0.33,0.53,0.42,0.69,0.83,0.63,0.37,0.0,0.31,0.59,0.7,0.26,0.76,0.43,0.0,0.83,0.36,1.0,0.62,0.61,0.84,0.81,0.05,0.95,0.52,1.0,0.13,0.04,0.24,0.11,0.52,0.76,0.81,0.54,0.46,0.68,0.37,0.95,0.9,1.0,0.7,0.08,0.63,0.43,0.23,0.75,0.85,0.11,0.11,0.39,0.95,0.06,0.81,0.23,0.57,0.58,0.95,0.84,0.8,1.0,0.67,0.35,0.56,0.65,0.61,0.29,0.33,0.42,0.29,0.28,0.04,0.67,0.35,0.29,1.0,0.17,0.0,0.16,0.35,0.24,0.0,1.0,0.94,0.45,0.24,0.2,0.04,0.95,0.46,0.48,0.09,0.04,0.72,0.33,0.5,0.85,0.33,0.9,0.39,0.37,0.57,0.43,0.12,0.41,0.8,0.47,0.59,0.0,0.97,0.71,0.8,0.44,0.81,0.79,0.18,0.94,0.83,0.8,0.22,0.44,0.03,0.35,0.06,0.95,0.11,0.04,0.21,0.89,0.83,0.53,0.19,0.78,0.75,0.32,0.38,0.77,0.89,0.77,0.85,0.85,0.79,0.83,0.62,0.3,0.26,0.05,0.9,0.5,0.5,0.67,0.83,0.7,0.2,0.97,0.0,0.48,0.61,0.58,0.45
000007029880,0.85,1.0,0.5,0.56,0.25,1.0,0.69,0.75,0.62,1.0,0.38,0.3,0.67,0.67,0.0,0.62,0.64,0.5,0.78,0.11,0.23,0.8,0.83,0.17,0.15,1.0,1.0,0.86,0.0,0.0,0.73,1.0,1.0,0.18,0.08,0.08,1.0,0.18,0.31,0.75,0.36,0.7,0.78,0.22,0.38,0.11,0.86,0.43,0.25,0.77,1.0,0.79,0.15,0.91,0.08,0.32,0.75,0.36,0.12,0.2,0.77,0.3,0.44,0.09,0.5,0.92,0.0,0.1,0.0,0.12,0.2,0.3,0.63,0.25,0.22,0.55,0.08,0.38,0.25,0.12,0.22,0.13,0.08,0.19,0.8,0.36,0.18,0.0,0.17,0.54,0.24,0.07,0.64,0.64,1.0,0.07,0.8,0.42,0.29,0.14,0.46,0.93,0.6,0.38,0.14,0.25,0.45,1.0,0.25,0.67,0.0,0.87,0.27,0.22,0.17,0.92,0.95,0.6,0.5,0.33,0.83,1.0,0.93,0.3,1.0,0.75,0.13,0.79,0.29,0.62,0.14,0.5,0.21,0.87,0.4,0.18,0.38,0.64,0.19,1.0,0.38,0.17,0.15,0.09,0.55,0.64,0.94,1.0,0.0,0.75,0.58,0.58,0.27,0.24,0.62,0.5,1.0,0.75,0.0,0.75,0.86,0.1,0.82,0.8,0.64,0.9,0.16,0.78,0.78,0.14,0.21,0.88,0.33,0.0,0.5,0.17,0.92,0.45,0.92,0.06,0.7,0.5,1.0,0.06,0.4,0.11,0.74,0.83,0.91,0.91,0.9,0.75,0.4,0.67,1.0,0.7,0.86,0.07,0.22,0.16,1.0,0.0,0.36,1.0,0.77,0.94,0.77,1.0,0.64,0.75,0.67,0.81,1.0,0.5,1.0,0.0,0.75,1.0,0.0,0.83,0.33,0.07,0.14,0.6,1.0,0.56,0.5,0.57,0.62,0.5,0.09,1.0,0.78,0.67,0.12,0.35,0.43,1.0,0.5,0.38,0.29,0.61,0.77,0.67,0.3,0.0,0.0,0.71,0.65,0.09,0.87,0.64,0.0,0.85,0.7,1.0,0.47,0.91,0.85,1.0,0.36,0.9,0.5,0.87,0.06,0.0,0.33,0.08,0.27,0.93,0.78,0.4,0.5,0.57,0.33,1.0,1.0,1.0,0.56,0.28,0.56,0.5,0.25,0.67,0.5,0.12,0.36,0.56,0.9,0.12,0.88,0.25,0.43,0.4,1.0,1.0,0.75,0.82,0.88,0.45,0.33,0.82,0.38,0.27,0.31,0.5,0.43,0.5,0.07,1.0,0.47,0.0,1.0,0.15,0.06,0.89,0.15,0.5,0.17,1.0,1.0,0.64,0.18,0.36,0.12,0.94,0.29,0.82,0.12,0.33,0.76,0.55,0.57,0.92,0.14,1.0,0.17,0.71,0.42,0.61,0.1,0.39,0.55,0.58,0.6,0.08,1.0,0.6,0.64,0.85,0.75,0.5,0.45,0.73,0.64,0.77,0.29,0.86,0.11,0.0,0.33,0.92,0.0,0.0,0.06,0.87,0.71,0.88,0.31,0.93,0.91,0.5,0.33,0.75,0.75,0.8,0.89,0.83,0.85,1.0,0.44,0.43,0.54,0.0,0.75,1.0,0.25,0.71,1.0,0.2,0.1,1.0,0.07,0.2,0.5,0.4,0.36
000007029910,0.93,1.0,0.6,0.38,0.38,1.0,0.71,1.0,1.0,1.0,0.7,0.55,0.86,0.71,0.09,0.71,0.93,0.62,0.5,0.3,0.86,0.27,0.57,0.25,0.38,0.5,1.0,0.8,0.07,0.0,0.86,0.75,1.0,0.09,0.08,0.0,0.92,0.3,0.24,0.45,0.73,0.4,0.92,0.36,0.36,0.43,0.5,0.88,0.25,0.9,1.0,0.92,0.25,0.88,0.22,0.3,0.36,0.38,0.11,0.17,0.38,0.2,0.71,0.5,0.75,1.0,0.15,0.0,0.07,0.36,0.23,0.25,0.77,0.17,0.45,0.75,0.06,0.38,0.3,0.08,0.18,0.33,0.21,0.0,0.81,0.6,0.64,0.31,0.56,0.67,0.0,0.31,0.74,0.6,1.0,0.22,0.79,0.5,0.2,0.19,0.38,0.9,0.56,0.4,0.0,0.46,0.75,0.94,0.54,0.71,0.0,0.62,0.38,0.15,0.05,0.86,1.0,0.57,0.43,0.33,0.92,1.0,0.36,0.5,1.0,0.53,0.0,0.8,0.31,0.45,0.08,0.64,0.14,0.73,0.42,0.4,0.67,1.0,0.18,1.0,0.25,0.2,0.23,0.0,0.29,0.69,0.94,1.0,0.0,0.75,0.83,0.81,0.2,0.6,0.5,0.33,0.38,0.5,0.23,0.39,0.75,0.21,0.67,0.8,0.62,0.92,0.2,0.57,0.38,0.11,0.1,0.91,0.64,0.23,0.2,0.31,0.88,0.25,0.88,0.18,0.25,0.9,1.0,0.59,0.53,0.15,0.67,1.0,0.91,0.82,1.0,1.0,0.71,0.8,0.85,0.11,0.67,0.0,0.25,0.5,0.89,0.32,0.17,1.0,1.0,0.82,0.69,0.62,0.42,0.4,0.58,0.85,0.88,0.77,0.8,0.0,0.89,0.94,0.12,0.8,0.44,0.0,0.13,0.38,1.0,0.53,0.18,0.38,0.5,0.76,0.0,0.89,0.9,0.78,0.38,0.33,0.64,1.0,0.54,0.38,0.5,0.67,1.0,0.45,0.15,0.0,0.44,0.86,0.69,0.27,0.83,0.86,0.0,0.75,0.38,1.0,0.55,0.81,1.0,0.72,0.4,0.83,0.63,1.0,0.11,0.11,0.1,0.12,0.76,1.0,0.7,1.0,0.27,0.73,0.14,0.95,0.69,0.93,0.43,0.07,0.62,0.44,0.62,0.64,0.6,0.08,0.26,0.36,0.85,0.08,0.83,0.67,0.55,0.71,1.0,0.75,0.94,0.92,0.92,0.64,0.62,0.73,0.4,0.27,0.12,0.6,0.67,0.42,0.0,1.0,0.27,0.0,0.92,0.23,0.0,0.89,0.56,0.42,0.08,1.0,1.0,0.62,0.71,0.21,0.1,0.89,0.46,0.69,0.05,0.29,0.8,0.43,0.73,0.71,0.6,0.7,0.64,0.6,0.5,0.6,0.29,0.36,0.88,0.57,0.76,0.0,1.0,1.0,0.67,0.58,1.0,0.47,0.38,0.6,0.36,0.79,0.64,0.38,0.12,0.18,0.24,1.0,0.1,0.14,0.15,0.88,1.0,0.56,0.38,0.91,0.71,0.47,0.55,0.73,0.59,0.89,1.0,0.83,0.82,0.75,0.47,0.06,0.67,0.0,0.88,1.0,0.4,0.68,0.8,0.29,0.3,1.0,0.15,0.42,0.75,0.44,0.62
000007029920,0.96,1.0,0.25,0.23,0.27,0.93,0.59,0.35,0.85,1.0,0.36,0.4,0.7,0.57,0.1,0.61,0.75,0.54,0.56,0.0,0.29,0.41,0.63,0.31,0.21,0.79,1.0,0.93,0.15,0.0,0.62,0.82,1.0,0.0,0.22,0.0,0.87,0.06,0.25,0.56,0.44,0.58,0.81,0.5,0.56,0.19,0.64,0.74,0.47,0.81,1.0,0.6,0.17,0.5,0.38,0.29,0.65,0.35,0.12,0.21,0.41,0.0,0.54,0.25,0.63,1.0,0.04,0.29,0.0,0.5,0.0,0.14,0.86,0.3,0.46,0.72,0.14,0.45,0.44,0.1,0.26,0.25,0.2,0.43,0.44,0.54,0.36,0.21,0.55,0.37,0.22,0.14,0.58,0.65,0.79,0.11,0.91,0.67,0.47,0.4,0.61,0.74,0.45,0.54,0.24,0.31,0.62,1.0,0.54,0.69,0.0,0.75,0.17,1.0,0.19,0.88,1.0,0.52,0.13,0.12,0.86,0.95,0.65,0.29,1.0,1.0,0.05,1.0,0.33,0.38,0.17,0.65,0.07,0.9,0.4,0.3,0.53,0.78,0.12,0.96,0.44,0.1,0.21,0.08,0.45,0.53,1.0,1.0,0.14,0.35,0.55,0.54,0.13,0.29,0.69,0.15,0.72,0.42,0.29,0.62,0.95,0.07,0.69,0.71,0.76,0.84,0.14,0.81,1.0,0.44,0.25,1.0,0.77,0.0,0.5,0.08,0.9,0.5,1.0,0.18,0.43,0.72,1.0,0.52,0.44,0.15,0.64,1.0,0.78,0.93,0.94,0.93,0.55,0.88,1.0,0.5,0.64,0.0,0.23,0.07,0.92,0.36,0.15,0.92,0.82,0.75,0.85,0.67,0.38,0.58,0.5,0.9,0.76,0.67,0.79,0.05,0.74,0.94,0.0,0.69,0.29,0.22,0.09,0.79,0.92,0.75,0.67,0.53,0.61,0.57,0.2,1.0,0.94,0.83,0.36,0.33,0.63,1.0,0.19,0.29,0.76,0.43,0.9,0.86,0.47,0.0,0.18,0.4,0.79,0.5,0.9,0.47,0.0,0.62,0.56,1.0,0.63,0.67,0.74,0.57,0.08,1.0,0.21,1.0,0.11,0.12,0.37,0.14,0.29,1.0,0.86,0.61,0.5,0.79,0.47,0.83,0.73,1.0,0.73,0.4,0.55,0.45,0.56,0.6,0.5,0.0,0.3,0.62,1.0,0.11,0.9,0.3,0.44,0.73,0.94,0.69,0.57,0.85,0.78,0.21,0.75,0.79,0.37,0.5,0.27,0.71,0.67,0.19,0.0,0.86,0.21,0.3,1.0,0.1,0.0,0.67,0.69,0.11,0.08,0.81,1.0,0.67,0.38,0.25,0.0,0.88,0.1,0.59,0.24,0.24,0.8,0.48,0.67,0.96,0.38,0.71,0.32,0.3,0.46,0.8,0.17,0.37,0.73,0.62,0.43,0.0,0.94,0.64,0.81,0.39,0.87,0.67,0.8,0.87,0.88,0.81,0.41,0.6,0.26,0.38,0.12,1.0,0.04,0.05,0.24,0.88,1.0,0.47,0.28,0.87,0.93,0.44,0.41,0.67,0.72,0.81,0.96,0.92,0.75,0.77,0.38,0.31,0.5,0.18,0.8,0.94,0.41,0.78,0.75,0.17,0.21,1.0,0.13,0.36,0.5,0.68,0.64
000007029930,0.92,1.0,0.38,0.47,0.35,1.0,0.83,0.54,0.67,1.0,0.6,0.56,0.85,0.94,0.05,0.4,0.58,0.44,0.89,0.1,0.62,0.59,0.59,0.4,0.14,0.89,1.0,0.89,0.24,0.0,0.58,0.67,1.0,0.13,0.06,0.04,1.0,0.27,0.36,0.54,0.33,0.67,0.67,0.6,0.55,0.3,0.68,0.74,0.27,0.82,1.0,0.9,0.39,0.73,0.2,0.31,0.73,0.2,0.21,0.15,0.57,0.14,0.31,0.15,0.7,0.94,0.11,0.21,0.08,0.2,0.15,0.23,0.5,0.57,0.54,0.68,0.0,0.17,0.43,0.09,0.26,0.17,0.1,0.09,0.69,0.6,0.42,0.12,0.67,0.59,0.18,0.06,0.6,0.44,0.8,0.32,0.72,0.61,0.43,0.35,0.55,0.87,0.45,0.25,0.52,0.38,0.43,1.0,0.42,0.67,0.0,0.29,0.14,0.32,0.19,0.88,0.9,0.53,0.36,0.27,0.88,0.96,0.58,0.38,0.85,0.65,0.0,0.95,0.29,0.57,0.2,0.62,0.0,0.86,0.19,0.25,0.64,0.76,0.2,0.93,0.54,0.29,0.19,0.18,0.31,0.43,0.93,1.0,0.09,0.77,0.5,0.65,0.23,0.32,0.44,0.65,0.68,0.71,0.09,0.47,0.81,0.16,0.61,0.57,0.6,0.95,0.12,0.7,1.0,0.27,0.22,0.81,0.62,0.16,0.62,0.24,0.85,0.44,0.92,0.12,0.55,0.5,0.94,0.32,0.41,0.25,0.9,0.85,0.55,0.74,1.0,0.75,0.31,0.85,0.79,0.21,0.89,0.12,0.13,0.1,0.86,0.2,0.33,1.0,0.81,0.75,0.76,0.88,0.53,0.94,0.85,0.92,0.89,0.8,0.8,0.15,0.56,0.9,0.0,0.84,0.27,0.18,0.14,0.71,1.0,1.0,0.36,0.32,0.43,0.37,0.18,0.94,0.93,0.88,0.31,0.39,0.52,0.75,0.7,0.19,0.43,0.55,0.44,0.7,0.18,0.12,0.29,0.71,0.7,0.14,0.75,0.21,0.0,0.64,0.75,0.94,0.15,0.76,1.0,0.57,0.25,0.8,0.2,0.89,0.23,0.0,0.12,0.0,0.62,0.96,0.79,0.17,0.58,0.75,0.38,0.94,0.83,0.86,0.43,0.29,0.44,0.43,0.6,0.4,0.82,0.21,0.24,0.57,0.86,0.22,0.87,0.44,0.7,0.71,0.93,0.86,0.59,0.92,0.68,0.17,0.74,0.75,0.64,0.33,0.0,0.76,0.53,0.42,0.0,0.81,0.32,0.08,1.0,0.11,0.05,0.71,0.37,0.08,0.2,0.67,0.89,0.62,0.18,0.23,0.15,0.91,0.24,0.61,0.22,0.31,0.88,0.58,0.8,0.89,0.35,0.86,0.23,0.71,0.67,0.71,0.09,0.53,0.83,0.53,0.62,0.05,1.0,0.86,0.92,0.59,0.75,0.67,0.56,0.8,0.84,0.8,0.61,0.67,0.18,0.22,0.21,0.83,0.0,0.07,0.14,0.93,0.93,0.54,0.38,0.89,0.85,0.25,0.44,0.57,0.75,0.88,0.96,0.72,0.76,0.75,0.5,0.44,0.5,0.0,0.74,0.67,0.8,0.81,0.87,0.32,0.15,1.0,0.25,0.4,0.7,0.75,0.2
000007029940,0.8,1.0,0.55,0.31,0.14,0.86,0.64,0.62,0.5,1.0,0.22,0.44,0.89,0.11,0.06,0.6,0.44,0.48,0.75,0.06,0.79,0.45,0.3,0.25,0.23,0.85,1.0,0.93,0.06,0.25,0.8,0.62,1.0,0.0,0.26,0.0,1.0,0.06,0.15,0.5,0.32,0.5,0.75,0.07,0.13,0.29,0.17,0.67,0.67,0.5,0.95,0.73,0.29,0.86,0.17,0.36,0.71,0.47,0.0,0.36,0.45,0.08,0.41,0.2,0.75,1.0,0.0,0.17,0.0,0.33,0.06,0.1,0.64,0.27,0.67,0.59,0.0,0.25,0.25,0.09,0.18,0.38,0.5,0.3,0.45,0.38,0.35,0.14,0.48,0.39,0.33,0.21,0.64,0.24,0.67,0.1,0.63,0.41,0.38,0.14,0.6,0.82,0.42,0.05,0.2,0.27,0.57,0.9,0.33,0.64,0.0,0.56,0.21,0.33,0.24,0.8,1.0,0.33,0.32,0.12,0.67,0.95,0.52,0.57,1.0,0.42,0.0,0.92,0.0,0.62,0.0,0.38,0.0,0.92,0.47,0.38,0.42,1.0,0.17,1.0,0.36,0.0,0.38,0.0,0.57,0.88,0.71,1.0,0.0,0.46,0.17,0.46,0.36,0.5,0.43,0.44,0.58,0.37,0.38,0.83,0.79,0.28,0.72,0.27,0.45,0.93,0.4,0.47,0.83,0.08,0.12,0.96,0.57,0.12,0.54,0.23,0.94,0.44,1.0,0.06,0.56,0.54,0.78,0.3,0.54,0.05,0.58,1.0,0.67,0.81,1.0,0.78,0.33,0.8,0.93,0.13,0.78,0.08,0.0,0.2,1.0,0.0,0.2,1.0,0.76,0.67,0.4,0.92,0.42,0.77,0.62,0.78,0.8,0.67,0.75,0.06,0.68,1.0,0.0,0.56,0.2,0.26,0.07,0.62,0.88,0.59,0.27,0.36,0.44,0.7,0.18,0.87,1.0,0.94,0.47,0.43,0.41,0.86,0.3,0.23,0.5,0.57,0.5,0.67,0.46,0.0,0.26,0.61,0.65,0.15,0.55,0.83,0.0,0.87,0.79,1.0,0.15,0.87,0.9,0.86,0.17,0.38,0.12,1.0,0.1,0.17,0.17,0.1,0.6,1.0,0.62,0.48,0.53,0.44,0.29,1.0,0.78,1.0,0.77,0.56,0.57,0.64,0.5,0.77,0.7,0.0,0.16,0.17,1.0,0.07,0.83,0.24,0.48,0.6,1.0,0.71,0.3,1.0,0.83,0.25,0.53,0.57,0.68,0.42,0.3,0.73,0.33,0.11,0.0,0.91,0.24,0.0,1.0,0.05,0.06,0.75,0.42,0.05,0.0,1.0,1.0,0.71,0.38,0.0,0.16,0.88,0.21,0.58,0.04,0.21,0.88,0.42,0.37,0.8,0.67,0.94,0.38,0.22,0.31,0.63,0.0,0.15,0.68,0.43,0.69,0.0,1.0,0.43,0.55,0.59,0.81,0.45,0.32,0.79,0.5,0.75,0.56,0.1,0.11,0.33,0.1,0.89,0.0,0.05,0.12,0.8,1.0,0.33,0.17,0.72,0.85,0.27,0.5,0.56,0.73,0.77,0.95,0.92,0.88,0.76,0.4,0.56,0.5,0.05,0.97,0.84,0.67,0.64,0.89,0.5,0.0,0.93,0.12,0.59,0.68,0.57,0.6
000007029950,0.64,0.94,0.43,0.25,0.29,0.87,0.56,0.62,0.5,0.82,0.67,0.3,0.92,0.62,0.04,0.52,0.71,0.67,0.76,0.0,0.67,0.6,0.65,0.26,0.17,0.94,1.0,0.93,0.06,0.07,0.53,0.6,1.0,0.0,0.05,0.08,0.79,0.56,0.38,0.26,0.43,0.73,0.75,0.17,0.23,0.12,0.4,0.75,0.36,0.81,1.0,0.82,0.46,0.86,0.22,0.6,0.76,0.65,0.26,0.47,0.61,0.2,0.71,0.11,0.65,0.8,0.0,0.1,0.06,0.14,0.07,0.27,0.5,0.18,0.55,0.55,0.07,0.07,0.27,0.06,0.27,0.5,0.14,0.1,0.5,0.61,0.36,0.23,0.39,0.48,0.09,0.08,0.61,0.33,0.84,0.43,0.7,0.38,0.55,0.21,0.41,0.92,0.41,0.1,0.42,0.47,0.4,0.89,0.35,0.5,0.0,0.46,0.06,0.28,0.19,0.85,0.92,0.4,0.25,0.21,0.85,1.0,0.67,0.4,0.93,0.64,0.12,0.71,0.17,0.43,0.1,0.43,0.05,0.9,0.15,0.37,0.57,0.81,0.29,1.0,0.43,0.33,0.22,0.25,0.45,0.62,0.94,1.0,0.04,0.8,0.14,0.43,0.17,0.32,0.09,0.21,0.58,0.4,0.28,0.58,0.83,0.24,0.45,0.78,0.39,0.76,0.2,0.53,1.0,0.45,0.08,0.96,0.83,0.06,0.62,0.13,1.0,0.88,0.78,0.0,0.45,0.76,0.88,0.39,0.5,0.0,0.92,1.0,0.36,0.86,0.92,0.47,0.36,0.5,0.76,0.5,0.91,0.0,0.12,0.2,0.93,0.22,0.43,0.91,0.68,0.92,0.74,1.0,0.65,1.0,0.32,0.83,0.82,0.75,0.72,0.0,0.45,0.85,0.05,0.8,0.24,0.0,0.05,0.5,0.94,0.71,0.57,0.52,0.12,0.63,0.24,1.0,0.85,0.81,0.15,0.28,0.59,0.81,0.22,0.19,0.48,0.8,0.82,0.67,0.26,0.0,0.33,0.58,0.63,0.2,0.78,0.57,0.0,0.87,0.78,1.0,0.55,0.88,0.75,0.64,0.13,0.67,0.44,0.92,0.14,0.23,0.26,0.29,0.63,1.0,0.91,0.21,0.6,0.77,0.33,0.92,0.94,0.86,0.47,0.5,0.41,0.5,0.43,0.67,0.67,0.14,0.14,0.36,0.86,0.04,0.77,0.42,0.44,0.53,1.0,0.93,0.67,0.78,0.92,0.19,0.13,0.89,0.8,0.47,0.06,0.67,0.32,0.52,0.0,0.57,0.5,0.0,0.94,0.0,0.06,0.65,0.27,0.06,0.05,0.89,1.0,0.67,0.67,0.36,0.13,0.95,0.16,0.61,0.26,0.11,0.88,0.32,0.76,0.84,0.12,0.86,0.47,0.31,0.67,0.59,0.0,0.21,0.55,0.4,0.6,0.05,1.0,0.94,0.79,0.34,0.82,0.53,0.2,0.75,0.73,0.83,0.08,0.46,0.23,0.47,0.28,1.0,0.31,0.04,0.2,0.88,1.0,0.42,0.11,0.81,0.88,0.25,0.4,0.63,0.6,0.62,0.88,0.87,0.83,0.94,0.6,0.15,0.53,0.05,0.95,0.82,0.56,0.75,0.94,0.1,0.56,1.0,0.16,0.57,0.52,0.3,0.46
000007029960,0.75,1.0,0.14,0.3,0.73,0.75,0.75,0.58,0.88,1.0,0.24,0.23,0.7,0.64,0.0,0.75,0.7,0.29,0.46,0.08,0.55,0.43,0.62,0.14,0.7,1.0,1.0,1.0,0.08,0.29,0.82,0.83,1.0,0.5,0.21,0.1,0.93,0.3,0.41,0.38,0.39,0.67,0.87,0.38,0.45,0.09,0.3,0.57,0.31,0.84,0.95,0.75,0.14,0.8,0.0,0.5,0.78,0.47,0.09,0.29,0.35,0.07,0.6,0.44,0.82,1.0,0.0,0.11,0.05,0.3,0.12,0.0,0.91,0.57,0.56,0.71,0.1,0.67,0.29,0.14,0.23,0.36,0.25,0.3,0.2,0.47,0.7,0.11,0.85,0.83,0.27,0.33,1.0,0.69,0.67,0.25,0.67,0.5,0.25,0.4,0.4,0.71,0.35,0.46,0.09,0.2,0.55,0.92,0.5,0.82,0.0,0.71,0.31,0.33,0.11,1.0,1.0,0.58,0.57,0.0,0.69,1.0,0.42,0.67,1.0,0.8,0.25,0.8,0.22,1.0,0.24,0.46,0.0,1.0,0.54,0.08,0.67,1.0,0.19,1.0,0.53,0.17,0.2,0.12,0.46,0.75,1.0,1.0,0.0,0.64,0.27,0.53,0.0,0.36,0.59,0.22,0.56,0.47,0.12,0.73,0.9,0.08,0.95,0.52,0.6,0.86,0.3,1.0,0.89,0.3,0.33,1.0,0.79,0.0,0.6,0.5,1.0,0.41,0.71,0.12,0.71,0.53,1.0,0.73,0.36,0.0,0.64,1.0,0.5,0.8,1.0,1.0,0.33,0.88,0.9,0.72,0.62,0.0,0.12,0.0,1.0,0.3,0.25,1.0,0.75,0.67,0.94,0.94,0.38,1.0,0.6,0.94,1.0,0.44,0.87,0.04,0.85,1.0,0.06,0.92,0.12,0.0,0.11,0.73,0.91,0.59,0.75,0.44,0.29,0.73,0.08,0.78,0.77,1.0,0.29,0.1,0.75,0.62,0.0,0.33,0.69,0.31,0.4,0.7,0.22,0.0,0.31,0.38,0.56,0.25,0.86,0.36,0.0,0.69,0.67,1.0,0.31,0.76,0.93,0.89,0.43,0.86,0.64,1.0,0.06,0.17,0.29,0.09,0.67,1.0,1.0,0.71,0.56,0.6,0.29,0.88,1.0,1.0,0.75,0.12,0.53,0.6,0.35,0.44,0.92,0.08,0.0,0.14,0.94,0.25,0.75,0.14,0.44,0.6,1.0,0.93,0.33,0.91,0.83,0.36,0.6,0.5,0.3,0.17,0.25,0.64,0.53,0.3,0.0,0.83,0.36,0.18,1.0,0.22,0.0,0.92,0.25,0.36,0.08,1.0,0.95,0.5,0.62,0.06,0.0,1.0,0.17,0.4,0.23,0.1,0.79,0.67,0.42,0.75,0.64,0.89,0.1,0.2,0.65,0.76,0.0,0.25,0.3,0.71,0.62,0.0,1.0,1.0,0.92,0.8,0.83,0.56,0.94,0.8,0.8,0.73,0.5,0.4,0.22,0.33,0.14,1.0,0.0,0.0,0.12,0.92,0.93,0.58,0.17,0.95,0.9,0.4,0.2,0.78,0.43,0.86,0.93,0.92,0.75,0.75,0.71,0.64,0.55,0.0,0.89,1.0,0.43,0.75,1.0,0.25,0.0,1.0,0.33,0.33,0.65,0.7,0.44
000007030020,0.89,1.0,0.55,0.22,0.18,1.0,0.59,0.53,0.5,0.92,0.33,0.28,0.75,0.48,0.05,0.5,0.41,0.62,0.68,0.06,0.47,0.3,0.83,0.18,0.11,0.8,1.0,0.75,0.17,0.06,0.59,0.85,0.86,0.18,0.04,0.05,0.87,0.43,0.14,0.67,0.53,0.53,0.83,0.31,0.33,0.14,0.47,0.63,0.28,0.79,1.0,0.83,0.45,0.72,0.25,0.27,0.6,0.58,0.0,0.26,0.32,0.33,0.56,0.41,0.44,1.0,0.09,0.14,0.04,0.28,0.14,0.17,0.7,0.3,0.26,0.62,0.0,0.29,0.27,0.12,0.05,0.15,0.19,0.15,0.33,0.48,0.31,0.31,0.52,0.53,0.27,0.34,0.6,0.7,0.7,0.32,0.65,0.5,0.5,0.24,0.42,0.88,0.37,0.32,0.23,0.26,0.44,0.88,0.56,0.65,0.0,0.72,0.11,0.38,0.15,0.95,1.0,0.25,0.29,0.41,0.77,1.0,0.67,0.53,1.0,0.82,0.25,0.82,0.36,0.71,0.04,0.54,0.0,0.83,0.48,0.21,0.5,1.0,0.18,0.9,0.47,0.11,0.35,0.05,0.15,0.36,0.94,1.0,0.0,0.29,0.47,0.69,0.35,0.41,0.29,0.1,0.53,0.32,0.3,0.39,0.71,0.05,0.5,0.38,0.67,0.84,0.04,0.74,0.93,0.29,0.19,0.8,0.41,0.07,0.44,0.21,0.84,0.32,0.9,0.0,0.46,0.45,0.9,0.39,0.42,0.0,0.8,0.88,0.82,0.92,1.0,1.0,0.58,0.88,0.77,0.4,0.79,0.0,0.18,0.21,1.0,0.23,0.28,1.0,0.71,0.73,0.68,0.91,0.58,0.81,0.53,0.83,0.92,0.5,0.78,0.29,0.69,1.0,0.0,0.67,0.35,0.15,0.17,0.53,0.84,0.88,0.5,0.35,0.58,0.46,0.11,0.9,0.93,0.81,0.07,0.19,0.24,0.62,0.22,0.31,0.61,0.56,0.73,0.62,0.47,0.13,0.41,0.31,0.73,0.21,0.82,0.73,0.0,0.76,0.64,1.0,0.32,0.82,1.0,0.58,0.13,0.85,0.07,0.89,0.17,0.17,0.24,0.13,0.41,1.0,0.64,0.35,0.32,0.8,0.31,1.0,0.5,0.94,0.58,0.21,0.39,0.64,0.33,0.46,0.75,0.1,0.29,0.5,1.0,0.0,0.92,0.18,0.41,0.69,1.0,0.71,0.65,0.78,0.69,0.24,0.45,0.9,0.48,0.39,0.27,0.61,0.26,0.25,0.0,0.75,0.24,0.08,0.93,0.22,0.11,0.46,0.37,0.32,0.18,0.9,0.95,0.63,0.33,0.07,0.24,0.67,0.33,0.53,0.0,0.19,0.81,0.5,0.5,0.85,0.4,0.94,0.31,0.24,0.38,0.62,0.12,0.42,0.8,0.47,0.29,0.08,1.0,0.68,0.65,0.22,0.95,0.62,0.54,0.36,0.54,0.53,0.05,0.55,0.23,0.27,0.18,0.96,0.12,0.12,0.1,0.93,0.95,0.59,0.19,0.94,0.89,0.48,0.39,0.76,0.54,0.7,0.91,0.96,0.6,0.92,0.26,0.32,0.52,0.0,0.79,0.71,0.57,0.68,0.91,0.5,0.2,1.0,0.22,0.14,0.57,0.62,0.28
000007030030,0.83,1.0,0.47,0.43,0.15,0.94,0.78,0.4,0.62,0.92,0.55,0.15,0.82,0.8,0.07,0.75,0.83,0.62,0.64,0.17,0.62,0.58,0.5,0.48,0.8,0.78,1.0,1.0,0.08,0.07,0.53,0.78,1.0,0.22,0.14,0.2,0.78,0.27,0.35,0.28,0.56,0.93,0.58,0.55,0.44,0.29,0.4,0.44,0.41,0.93,1.0,0.75,0.32,0.76,0.1,0.41,0.78,0.62,0.0,0.12,0.36,0.11,0.53,0.57,0.41,1.0,0.17,0.12,0.0,0.5,0.31,0.25,0.67,0.5,0.6,0.65,0.0,0.17,0.4,0.3,0.23,0.46,0.17,0.1,0.75,0.44,0.57,0.06,0.56,0.29,0.13,0.33,0.5,0.58,0.88,0.06,0.73,0.38,0.83,0.4,0.46,0.73,0.2,0.22,0.33,0.56,0.33,1.0,0.4,0.44,0.0,0.5,0.25,0.62,0.1,0.84,1.0,0.33,0.17,0.26,0.82,1.0,0.38,0.21,1.0,0.47,0.07,0.75,0.5,0.64,0.29,0.4,0.06,0.86,0.28,0.31,0.46,0.58,0.11,0.96,0.65,0.21,0.0,0.05,0.56,0.55,0.92,1.0,0.0,0.25,0.39,0.62,0.22,0.3,0.71,0.29,0.61,0.43,0.06,0.6,0.83,0.27,0.75,0.78,0.5,0.83,0.24,0.53,0.9,0.13,0.21,1.0,0.5,0.09,0.54,0.81,0.89,0.47,0.89,0.12,0.73,0.75,1.0,0.21,0.64,0.0,0.67,0.7,0.57,0.8,1.0,0.95,0.44,0.67,0.89,0.36,0.89,0.0,0.2,0.0,0.92,0.42,0.23,0.94,0.94,0.67,0.69,0.7,0.32,0.9,0.89,0.87,0.89,0.62,0.95,0.15,0.56,1.0,0.06,0.83,0.44,0.2,0.0,0.53,0.92,0.8,0.55,0.09,0.45,0.5,0.2,0.67,0.89,0.86,0.33,0.46,0.67,1.0,0.44,0.31,0.5,0.53,0.75,0.81,0.36,0.0,0.27,0.38,0.8,0.17,0.71,0.55,0.07,1.0,0.58,1.0,0.59,0.62,0.94,0.78,0.06,0.92,0.27,1.0,0.09,0.09,0.2,0.17,0.48,1.0,0.73,0.36,0.79,0.83,0.32,1.0,0.81,1.0,0.4,0.1,0.5,0.41,0.13,0.56,0.56,0.24,0.19,0.62,0.92,0.05,0.71,0.36,0.29,0.5,1.0,0.91,0.88,1.0,0.75,0.27,0.89,0.8,0.4,0.38,0.11,0.36,0.21,0.56,0.05,0.9,0.17,0.0,1.0,0.0,0.1,0.86,0.28,0.04,0.05,0.86,1.0,0.64,0.29,0.42,0.05,0.76,0.36,0.67,0.05,0.23,0.78,0.57,0.31,0.77,0.61,0.88,0.33,0.31,0.55,0.62,0.2,0.33,0.73,0.58,0.7,0.07,1.0,0.79,0.77,0.5,1.0,0.45,0.33,0.91,0.83,1.0,0.45,0.54,0.18,0.22,0.44,1.0,0.24,0.0,0.13,0.89,0.94,0.58,0.13,0.8,0.82,0.3,0.26,0.76,0.73,0.7,0.94,0.87,0.76,0.85,0.76,0.29,0.62,0.0,0.92,0.73,0.57,0.75,0.88,0.58,0.08,1.0,0.12,0.14,0.55,0.73,0.6
000007030040,0.83,1.0,0.58,0.36,0.12,1.0,0.73,0.31,0.89,1.0,0.43,0.46,0.64,0.31,0.15,0.69,0.53,0.58,0.79,0.08,0.58,0.33,0.29,0.24,0.28,0.9,1.0,0.74,0.11,0.05,0.58,0.92,0.93,0.23,0.18,0.06,0.64,0.41,0.41,0.44,0.58,0.82,0.71,0.21,0.19,0.33,0.75,0.68,0.33,0.85,1.0,0.82,0.27,0.85,0.31,0.4,0.67,0.71,0.06,0.41,0.52,0.5,0.57,0.36,0.64,0.95,0.12,0.32,0.11,0.25,0.2,0.07,0.82,0.39,0.38,0.45,0.0,0.5,0.31,0.11,0.33,0.17,0.29,0.0,0.6,0.7,0.5,0.45,0.36,0.32,0.23,0.33,0.75,0.65,0.83,0.11,0.5,0.43,0.17,0.09,0.65,0.79,0.27,0.21,0.29,0.38,0.73,1.0,0.5,0.73,0.0,0.44,0.0,0.43,0.14,1.0,1.0,0.61,0.39,0.33,0.92,0.93,0.62,0.5,1.0,0.85,0.0,0.9,0.18,0.5,0.09,0.7,0.0,0.76,0.21,0.33,0.6,0.79,0.43,1.0,0.31,0.17,0.4,0.15,0.17,0.71,0.83,1.0,0.11,0.77,0.42,0.87,0.18,0.33,0.43,0.21,0.47,0.45,0.33,0.57,0.75,0.28,0.43,0.64,0.6,0.64,0.18,0.56,0.7,0.21,0.08,0.88,0.67,0.19,0.36,0.2,0.87,0.31,0.93,0.0,0.6,0.45,0.7,0.46,0.65,0.08,0.62,0.86,0.55,0.8,1.0,0.81,0.55,0.59,0.87,0.38,1.0,0.06,0.14,0.33,0.86,0.27,0.26,1.0,0.89,0.75,0.79,0.83,0.5,0.71,0.58,0.85,1.0,0.5,0.62,0.14,0.61,1.0,0.07,0.67,0.36,0.14,0.22,0.7,1.0,0.5,0.74,0.2,0.4,0.46,0.14,0.88,0.86,0.88,0.43,0.18,0.5,0.81,0.36,0.31,0.7,0.67,0.54,0.92,0.17,0.0,0.25,0.5,0.82,0.35,1.0,0.64,0.0,0.71,0.65,1.0,0.89,0.6,0.89,0.69,0.14,0.89,0.33,1.0,0.25,0.13,0.38,0.0,0.67,1.0,0.67,0.54,0.78,0.57,0.4,1.0,0.69,1.0,0.72,0.22,0.8,0.67,0.62,0.54,0.64,0.08,0.3,0.39,0.88,0.08,0.75,0.56,0.65,0.88,1.0,0.71,0.88,0.85,0.77,0.31,0.63,1.0,0.52,0.27,0.16,0.67,0.47,0.38,0.0,0.67,0.27,0.1,1.0,0.0,0.0,0.7,0.18,0.28,0.07,0.92,1.0,0.56,0.3,0.45,0.06,0.73,0.13,0.47,0.06,0.13,0.57,0.56,0.47,0.73,0.0,0.69,0.37,0.5,0.53,0.43,0.22,0.38,0.5,0.36,0.63,0.21,1.0,0.67,0.73,0.29,0.76,0.59,0.59,0.5,0.64,0.75,0.36,0.5,0.12,0.3,0.29,1.0,0.0,0.06,0.36,0.9,1.0,0.71,0.24,0.88,1.0,0.44,0.39,0.68,0.7,0.67,1.0,0.75,0.85,0.86,0.53,0.42,0.58,0.07,1.0,0.92,0.5,0.61,0.95,0.56,0.45,1.0,0.08,0.11,0.64,0.5,0.35
000007030050,0.76,1.0,0.39,0.33,0.25,1.0,0.62,0.71,0.82,0.95,0.5,0.67,0.62,0.74,0.1,0.5,0.53,0.48,0.85,0.0,0.55,0.43,0.3,0.53,0.36,0.94,1.0,0.59,0.29,0.09,0.62,0.95,1.0,0.0,0.19,0.11,0.73,0.28,0.21,0.75,0.41,0.67,0.62,0.33,0.29,0.48,0.83,0.44,0.38,1.0,1.0,0.96,0.33,0.85,0.21,0.18,0.5,0.82,0.11,0.17,0.62,0.29,0.38,0.57,0.74,1.0,0.04,0.09,0.0,0.39,0.25,0.4,0.48,0.1,0.62,0.45,0.11,0.5,0.36,0.0,0.22,0.21,0.14,0.06,0.82,0.45,0.56,0.4,0.78,0.35,0.31,0.14,0.73,0.67,0.63,0.0,0.67,0.75,0.47,0.31,0.29,0.78,0.42,0.12,0.54,0.24,0.74,0.95,0.56,0.83,0.0,0.75,0.19,0.38,0.0,0.81,0.93,0.88,0.44,0.22,0.94,0.89,0.69,0.31,1.0,0.89,0.07,0.94,0.5,0.5,0.15,0.78,0.04,0.94,0.12,0.16,0.76,0.75,0.29,1.0,0.24,0.35,0.26,0.0,0.5,0.4,0.95,1.0,0.0,0.58,0.46,0.64,0.29,0.56,0.35,0.16,0.64,0.35,0.36,0.5,0.82,0.08,0.55,0.64,0.56,1.0,0.29,0.76,0.71,0.5,0.16,0.87,0.43,0.11,0.57,0.44,0.6,0.57,0.83,0.06,0.53,0.8,0.95,0.42,0.31,0.21,0.87,0.91,0.86,0.83,1.0,1.0,0.5,0.62,0.81,0.47,0.93,0.05,0.06,0.08,0.87,0.08,0.15,1.0,0.71,1.0,0.54,1.0,0.33,0.77,0.78,0.88,0.95,0.69,0.62,0.0,0.64,1.0,0.0,0.68,0.39,0.08,0.0,0.31,0.94,0.93,0.52,0.1,0.29,0.5,0.21,0.82,0.92,1.0,0.14,0.32,0.43,0.95,0.58,0.16,0.67,0.7,0.79,0.75,0.33,0.0,0.2,0.7,0.73,0.08,0.79,0.42,0.14,0.69,0.73,1.0,0.46,0.53,0.9,0.93,0.24,0.85,0.07,1.0,0.27,0.2,0.41,0.24,0.68,0.95,0.93,0.73,0.73,0.74,0.58,0.86,0.77,0.95,0.72,0.3,0.65,0.64,0.36,0.53,0.82,0.17,0.25,0.31,0.65,0.13,0.6,0.53,0.47,0.7,1.0,0.72,0.75,0.93,0.75,0.64,0.7,0.87,0.42,0.41,0.18,0.64,0.54,0.26,0.0,0.92,0.13,0.17,1.0,0.28,0.07,0.78,0.6,0.16,0.07,0.91,1.0,0.54,0.64,0.45,0.35,0.87,0.14,0.43,0.0,0.15,0.79,0.52,0.77,0.84,0.46,1.0,0.38,0.53,0.65,0.57,0.12,0.36,1.0,0.62,0.44,0.0,0.96,0.81,0.71,0.58,0.78,0.78,0.53,0.83,0.79,0.82,0.2,0.38,0.22,0.35,0.15,0.93,0.1,0.11,0.0,1.0,1.0,0.65,0.3,0.88,0.7,0.53,0.5,0.68,0.79,0.7,1.0,0.9,0.69,0.65,0.42,0.48,0.91,0.0,0.72,0.9,0.64,0.53,0.84,0.3,0.05,0.94,0.17,0.3,0.74,0.52,0.34
000007030060,0.92,1.0,0.43,0.36,0.17,0.76,0.55,0.7,0.82,0.81,0.1,0.5,0.72,0.8,0.0,0.5,1.0,0.47,0.8,0.17,0.57,0.67,0.6,0.5,0.23,1.0,1.0,1.0,0.22,0.1,0.73,1.0,1.0,0.0,0.0,0.0,0.92,0.21,0.25,0.53,0.68,0.67,0.78,0.1,0.38,0.21,0.67,0.38,0.62,0.67,1.0,1.0,0.14,0.94,0.19,0.67,0.6,0.64,0.29,0.13,0.45,0.19,0.67,0.47,0.43,1.0,0.31,0.1,0.0,0.35,0.14,0.5,0.6,0.33,0.89,0.86,0.33,0.56,0.5,0.1,0.17,0.46,0.33,0.07,0.62,0.5,0.61,0.0,0.55,0.46,0.0,0.08,0.7,0.36,0.7,0.06,0.87,0.56,0.36,0.25,0.83,0.9,0.53,0.73,0.15,0.54,0.67,1.0,0.3,0.57,0.0,0.92,0.28,0.22,0.25,0.88,0.93,0.37,0.28,0.38,0.64,0.85,0.9,0.31,0.82,0.67,0.08,0.67,0.29,0.78,0.2,0.22,0.0,0.8,0.44,0.0,0.41,0.67,0.13,0.92,0.5,0.4,0.09,0.12,0.43,0.45,0.91,1.0,0.0,0.82,1.0,0.71,0.25,0.25,0.69,0.6,0.79,0.73,0.25,0.58,0.86,0.36,0.5,0.5,0.74,0.92,0.12,0.58,1.0,0.47,0.36,1.0,0.5,0.0,0.38,0.08,0.85,0.5,0.89,0.0,0.1,0.29,1.0,0.7,0.33,0.13,0.8,1.0,0.9,0.89,1.0,0.67,0.54,0.57,0.86,0.17,0.47,0.0,0.07,0.27,0.92,0.5,0.1,1.0,0.73,0.87,0.78,0.92,0.73,0.73,0.89,0.71,0.79,0.0,0.78,0.0,0.33,1.0,0.09,0.73,0.38,0.07,0.07,0.33,0.87,0.36,0.69,0.0,0.5,0.3,0.21,1.0,0.88,1.0,0.54,0.09,0.25,0.85,0.29,0.41,0.67,0.71,0.67,0.83,0.44,0.17,0.24,0.6,0.73,0.44,0.69,0.27,0.0,0.91,0.36,1.0,0.6,0.62,1.0,0.75,0.6,0.82,0.58,1.0,0.11,0.18,0.12,0.0,0.4,1.0,0.75,0.25,0.88,0.89,0.47,0.85,0.67,0.87,0.33,0.53,0.71,0.75,0.56,0.58,0.64,0.0,0.1,0.36,0.9,0.11,0.93,0.42,0.53,0.56,1.0,0.73,1.0,0.67,0.88,0.4,0.64,0.79,0.35,0.43,0.27,0.62,0.12,0.4,0.07,0.93,0.75,0.0,0.88,0.0,0.11,0.67,0.81,0.09,0.07,1.0,1.0,0.45,0.33,0.75,0.06,1.0,0.11,0.93,0.08,0.09,0.83,0.4,0.62,0.88,0.25,0.95,0.1,0.1,0.56,0.75,0.2,0.4,0.33,0.89,0.73,0.08,1.0,0.71,0.94,0.4,1.0,0.9,0.58,0.89,1.0,0.78,0.19,0.31,0.2,0.19,0.23,1.0,0.0,0.0,0.3,0.8,1.0,0.56,0.36,0.75,0.5,0.5,0.17,0.9,0.91,0.88,0.92,0.89,0.95,0.92,0.57,0.53,0.43,0.14,0.89,1.0,0.75,0.55,1.0,0.33,0.19,1.0,0.09,0.31,0.29,0.64,0.17
000007030080,0.91,1.0,0.28,0.23,0.4,0.94,0.63,0.65,0.59,1.0,0.61,0.7,0.3,0.7,0.1,0.6,0.64,0.71,0.57,0.2,0.81,0.33,0.42,0.26,0.29,0.84,1.0,0.9,0.21,0.25,0.54,0.94,1.0,0.15,0.2,0.1,0.88,0.26,0.3,0.46,0.5,0.67,0.74,0.45,0.55,0.3,0.62,0.65,0.4,0.89,1.0,0.95,0.48,0.73,0.06,0.48,0.58,0.62,0.18,0.32,0.19,0.19,0.44,0.33,0.62,1.0,0.09,0.09,0.0,0.33,0.19,0.06,0.43,0.33,0.54,0.61,0.0,0.59,0.33,0.09,0.26,0.17,0.15,0.1,0.85,0.48,0.62,0.12,0.5,0.41,0.22,0.33,0.5,0.56,0.81,0.11,0.75,0.45,0.58,0.17,0.5,0.81,0.33,0.2,0.32,0.54,0.55,0.93,0.44,0.41,0.0,0.48,0.33,0.38,0.23,0.95,1.0,0.43,0.21,0.16,0.65,0.98,0.5,0.23,0.95,0.75,0.0,0.89,0.15,0.47,0.07,0.62,0.08,0.88,0.26,0.34,0.67,0.86,0.11,1.0,0.42,0.14,0.22,0.25,0.35,0.38,0.82,1.0,0.0,0.53,0.72,0.67,0.4,0.23,0.47,0.47,0.65,0.46,0.39,0.69,0.53,0.17,0.57,0.32,0.82,0.88,0.17,0.88,0.83,0.4,0.18,0.95,0.73,0.17,0.67,0.31,0.77,0.44,1.0,0.19,0.31,0.53,0.96,0.64,0.55,0.12,0.74,0.9,0.82,0.85,0.91,0.78,0.5,0.67,0.89,0.33,0.75,0.0,0.12,0.24,1.0,0.31,0.25,1.0,0.83,0.8,0.79,0.83,0.38,0.81,0.5,0.78,0.79,0.53,0.78,0.25,0.33,1.0,0.0,0.7,0.2,0.12,0.11,0.58,0.93,0.53,0.76,0.36,0.21,0.67,0.17,0.89,0.75,1.0,0.36,0.33,0.33,0.88,0.33,0.43,0.67,0.58,0.83,0.6,0.18,0.03,0.28,0.27,0.53,0.25,0.83,0.37,0.0,0.93,0.58,0.95,0.19,0.64,0.75,0.94,0.35,0.86,0.17,0.94,0.0,0.13,0.25,0.06,0.4,0.79,0.85,0.5,0.61,0.8,0.46,1.0,0.8,0.88,0.76,0.35,0.58,0.39,0.78,0.38,0.71,0.1,0.13,0.44,0.71,0.05,0.75,0.37,0.32,0.56,1.0,0.92,0.93,0.94,0.82,0.32,0.68,0.67,0.44,0.4,0.13,0.67,0.29,0.29,0.05,0.8,0.33,0.0,0.94,0.0,0.0,0.8,0.33,0.19,0.1,0.88,0.97,0.59,0.32,0.19,0.5,0.88,0.17,0.72,0.08,0.23,0.94,0.29,0.76,0.75,0.14,0.86,0.3,0.35,0.85,0.62,0.18,0.41,0.67,0.67,0.44,0.05,0.92,0.73,0.79,0.41,1.0,0.87,0.29,0.76,0.78,0.94,0.37,0.6,0.2,0.38,0.18,1.0,0.17,0.07,0.43,0.88,0.93,0.56,0.21,0.55,0.75,0.4,0.4,0.63,0.91,0.75,0.96,0.94,0.79,1.0,0.38,0.41,0.59,0.0,0.76,0.9,0.67,0.62,0.91,0.38,0.2,0.96,0.33,0.58,0.55,0.52,0.38
000007030090,1.0,0.86,0.44,0.11,0.27,0.89,0.79,0.6,0.5,1.0,0.67,0.44,0.53,0.87,0.0,0.86,0.6,0.67,0.61,0.07,0.29,0.75,0.4,0.36,0.06,0.88,0.94,0.75,0.2,0.17,0.71,0.71,1.0,0.25,0.13,0.06,0.89,0.42,0.43,0.81,0.72,0.77,1.0,0.33,0.4,0.35,0.57,0.57,0.25,0.6,1.0,0.8,0.36,0.88,0.29,0.46,0.5,0.6,0.0,0.54,0.75,0.0,0.56,0.2,0.77,1.0,0.0,0.33,0.07,0.62,0.5,0.18,0.69,0.45,0.5,0.7,0.2,0.45,0.5,0.11,0.35,0.15,0.09,0.1,0.57,0.2,0.36,0.05,0.74,0.23,0.22,0.33,0.91,0.54,1.0,0.31,0.73,0.53,0.5,0.53,0.46,0.94,0.36,0.0,0.4,0.47,0.56,1.0,0.25,0.67,0.0,0.75,0.44,0.58,0.0,0.88,0.73,0.67,0.29,0.43,0.8,0.93,0.57,0.44,1.0,0.62,0.0,0.9,0.25,0.62,0.3,0.38,0.1,0.67,0.24,0.07,0.53,0.71,0.25,1.0,0.6,0.09,0.11,0.05,0.14,0.43,0.92,1.0,0.0,0.53,0.67,0.69,0.18,0.4,0.42,0.36,0.82,0.46,0.16,0.6,0.87,0.19,0.58,0.79,0.52,0.85,0.18,0.67,0.79,0.29,0.19,1.0,0.36,0.05,0.5,0.0,0.91,0.46,1.0,0.07,0.36,0.55,1.0,0.38,0.27,0.0,0.77,1.0,0.83,0.91,0.85,0.79,0.47,0.69,1.0,0.5,1.0,0.2,0.12,0.12,1.0,0.38,0.08,1.0,0.67,0.92,0.6,0.83,0.43,0.93,0.27,0.75,0.93,0.33,0.86,0.35,0.77,1.0,0.0,0.82,0.5,0.18,0.22,0.64,1.0,0.73,0.71,0.28,0.38,0.74,0.07,0.77,0.93,0.83,0.25,0.25,0.71,1.0,0.64,0.27,0.59,0.67,1.0,0.88,0.32,0.0,0.11,0.85,0.55,0.2,0.95,0.57,0.0,0.75,0.6,1.0,0.71,0.5,0.91,0.86,0.05,0.87,0.3,1.0,0.12,0.0,0.17,0.0,0.33,1.0,0.75,0.5,0.54,0.77,0.82,0.94,0.95,0.92,0.62,0.53,0.67,0.67,0.71,0.5,0.56,0.0,0.33,0.38,0.87,0.16,0.88,0.86,0.5,0.83,1.0,0.81,0.93,0.92,0.93,0.22,0.44,1.0,0.75,0.23,0.17,0.5,0.58,0.54,0.0,0.75,0.75,0.0,0.95,0.2,0.08,0.73,0.57,0.18,0.07,1.0,1.0,0.67,0.43,0.5,0.0,0.71,0.27,0.43,0.0,0.18,0.86,0.82,0.4,0.93,0.29,1.0,0.26,0.44,0.46,0.55,0.09,0.6,0.54,0.55,0.67,0.0,0.93,0.75,1.0,0.21,0.75,0.42,0.55,0.89,0.8,0.86,0.68,0.4,0.3,0.0,0.18,1.0,0.22,0.05,0.12,0.9,1.0,0.6,0.27,0.56,0.64,0.31,0.16,0.73,1.0,1.0,1.0,0.92,0.75,0.77,0.67,0.5,0.69,0.18,0.88,1.0,0.47,0.27,0.81,0.17,0.14,1.0,0.0,0.46,0.4,0.67,0.09
000007030100,0.91,1.0,0.6,0.25,0.25,0.64,0.6,0.55,1.0,1.0,0.44,0.4,0.8,0.67,0.06,0.46,0.5,0.5,0.55,0.0,0.14,0.4,0.5,0.8,0.57,1.0,1.0,0.67,0.5,0.22,0.53,0.92,1.0,0.4,0.06,0.06,0.91,0.4,0.12,0.57,0.39,0.92,0.71,0.35,0.42,0.44,0.69,0.73,0.31,0.87,1.0,0.87,0.17,1.0,0.0,0.54,0.53,0.2,0.09,0.5,0.64,0.1,0.36,0.44,0.71,1.0,0.0,0.16,0.0,0.5,0.33,0.56,0.64,0.29,0.44,0.65,0.08,0.69,0.2,0.44,0.22,0.33,0.22,0.12,0.68,0.39,0.53,0.17,0.68,0.67,0.29,0.53,0.79,0.35,0.55,0.07,0.78,0.5,0.44,0.28,0.53,0.83,0.33,0.64,0.05,0.38,0.8,0.95,0.2,0.67,0.0,0.72,0.0,0.45,0.18,0.93,0.92,0.71,0.38,0.33,0.83,0.94,0.67,0.43,1.0,0.67,0.07,0.76,0.25,0.5,0.44,0.73,0.0,0.87,0.18,0.27,0.5,0.71,0.35,0.94,0.43,0.33,0.16,0.09,0.5,0.6,1.0,1.0,0.07,0.63,0.74,0.82,0.33,0.54,0.73,0.5,0.62,0.55,0.31,0.58,0.94,0.09,0.91,0.78,0.8,0.73,0.29,0.88,0.87,0.44,0.08,0.94,0.56,0.07,0.73,0.5,0.93,0.25,0.79,0.0,0.65,1.0,1.0,0.57,0.62,0.05,0.8,0.95,0.85,1.0,1.0,0.8,0.29,0.83,1.0,0.25,0.75,0.0,0.0,0.2,0.9,0.43,0.4,1.0,0.92,0.76,0.83,0.86,0.33,0.71,0.79,0.6,0.82,0.54,0.79,0.24,0.43,1.0,0.17,0.47,0.36,0.41,0.11,0.6,0.93,0.5,0.47,0.5,0.4,0.59,0.09,0.82,0.75,1.0,0.0,0.24,0.5,1.0,0.39,0.38,0.5,0.64,0.92,0.75,0.41,0.0,0.27,0.89,0.85,0.27,0.86,0.46,0.0,0.89,0.86,1.0,0.33,0.62,0.89,0.79,0.2,0.94,0.44,0.96,0.31,0.12,0.2,0.07,0.36,1.0,0.6,0.83,0.64,0.92,0.31,0.92,0.92,1.0,0.5,0.19,0.6,0.32,0.47,0.46,0.75,0.12,0.0,0.57,0.85,0.13,0.92,0.25,0.55,0.7,1.0,0.85,0.55,0.91,0.93,0.5,0.42,0.58,0.54,0.41,0.57,0.62,0.58,0.11,0.0,0.83,0.21,0.08,1.0,0.08,0.0,0.81,0.3,0.21,0.08,1.0,1.0,0.78,0.69,0.33,0.25,0.83,0.38,0.61,0.07,0.0,0.62,0.75,0.69,0.6,0.57,0.94,0.26,0.38,0.5,0.78,0.0,0.17,0.71,0.75,0.72,0.08,1.0,0.67,0.78,0.42,0.67,0.68,0.79,0.89,1.0,0.8,0.64,0.47,0.7,0.11,0.0,0.93,0.29,0.12,0.1,0.91,1.0,0.73,0.29,1.0,0.5,0.47,0.25,0.76,0.88,0.82,0.93,0.82,0.92,0.91,0.82,0.47,0.8,0.0,0.75,1.0,0.5,0.81,0.82,0.27,0.27,1.0,0.15,0.5,0.47,0.88,0.2
000007030110,0.83,1.0,0.27,0.36,0.22,0.62,0.4,0.5,0.57,1.0,0.17,0.64,0.36,0.76,0.06,0.67,0.52,0.71,0.5,0.23,0.53,0.28,0.43,0.35,0.4,0.5,1.0,0.71,0.18,0.25,0.83,0.92,1.0,0.17,0.0,0.04,0.91,0.0,0.63,0.3,0.31,0.4,0.7,0.37,0.5,0.54,0.83,0.8,0.44,0.43,1.0,0.95,0.07,0.65,0.22,0.4,0.62,0.94,0.06,0.5,0.53,0.2,0.44,0.33,0.28,1.0,0.08,0.19,0.0,0.35,0.35,0.24,0.38,0.38,0.42,0.64,0.0,0.18,0.39,0.15,0.52,0.13,0.11,0.29,0.88,0.44,0.43,0.13,0.78,0.42,0.14,0.25,0.33,0.62,0.76,0.28,0.76,0.65,0.29,0.12,0.28,0.67,0.39,0.21,0.5,0.28,0.47,1.0,0.23,0.73,0.0,0.47,0.09,0.2,0.13,0.86,1.0,0.22,0.11,0.0,0.89,0.94,0.53,0.27,1.0,0.88,0.07,0.58,0.36,0.73,0.1,0.47,0.07,0.75,0.44,0.27,0.64,0.69,0.1,1.0,0.42,0.2,0.0,0.0,0.57,0.58,0.86,1.0,0.0,0.39,0.5,0.58,0.4,0.48,0.23,0.33,0.46,0.41,0.5,0.64,0.81,0.07,0.61,0.76,0.38,0.79,0.12,0.67,0.73,0.33,0.1,0.91,0.58,0.21,0.2,0.25,0.93,0.47,0.85,0.14,0.64,0.47,0.9,0.43,0.56,0.17,0.88,0.91,0.4,0.92,1.0,0.46,0.59,0.78,1.0,0.33,0.94,0.06,0.11,0.08,0.9,0.15,0.33,1.0,0.53,0.94,0.71,0.83,0.35,0.81,0.67,0.88,0.8,0.21,0.67,0.14,0.79,0.86,0.0,0.65,0.62,0.19,0.06,0.45,1.0,0.53,0.56,0.53,0.4,0.6,0.17,0.73,0.73,0.92,0.44,0.08,0.67,0.86,0.38,0.4,0.82,0.69,0.72,0.67,0.22,0.0,0.29,0.4,0.8,0.11,0.73,0.8,0.0,0.75,0.38,1.0,0.5,0.61,0.94,0.78,0.2,0.67,0.47,0.94,0.24,0.0,0.55,0.15,0.56,0.95,0.8,0.55,0.71,0.8,0.3,0.9,0.77,0.69,0.29,0.21,0.69,0.22,0.6,0.43,0.56,0.12,0.08,0.46,0.95,0.0,0.84,0.6,0.52,0.78,0.94,0.9,0.9,0.75,0.95,0.22,0.4,0.91,0.57,0.12,0.0,0.79,0.36,0.45,0.0,0.8,0.35,0.2,1.0,0.0,0.08,0.57,0.45,0.08,0.21,0.81,0.85,0.8,0.38,0.17,0.0,0.78,0.45,0.54,0.06,0.28,0.86,0.53,0.73,0.92,0.53,0.88,0.56,0.14,0.6,0.56,0.14,0.4,0.48,0.6,0.4,0.08,1.0,0.81,0.85,0.5,0.94,0.62,0.4,0.79,0.83,0.67,0.38,0.8,0.18,0.3,0.25,1.0,0.06,0.0,0.13,0.68,0.95,0.35,0.36,0.73,0.75,0.17,0.62,0.77,0.59,0.78,1.0,1.0,0.69,0.93,0.5,0.21,0.8,0.0,0.75,0.75,0.45,0.81,0.71,0.29,0.15,1.0,0.2,0.35,0.47,0.89,0.31
000007030120,0.79,1.0,0.5,0.21,0.36,0.78,0.8,0.6,0.44,1.0,0.3,0.5,0.8,0.73,0.17,0.5,0.75,0.5,0.56,0.0,0.56,0.62,0.54,0.42,0.33,0.75,1.0,0.62,0.08,0.27,0.17,1.0,1.0,0.47,0.15,0.0,1.0,0.43,0.4,0.58,0.19,0.7,0.88,0.21,0.33,0.27,0.48,0.77,0.33,0.73,1.0,0.93,0.36,0.94,0.0,0.25,0.5,1.0,0.06,0.36,0.29,0.0,0.71,0.2,0.5,0.9,0.31,0.14,0.0,0.27,0.2,0.14,0.47,0.18,0.5,0.62,0.12,0.53,0.5,0.0,0.2,0.0,0.23,0.0,0.83,0.6,0.36,0.2,0.58,0.79,0.1,0.33,0.64,0.38,0.57,0.07,0.77,0.42,0.42,0.36,0.42,1.0,0.71,0.38,0.29,0.45,0.53,1.0,0.17,0.62,0.0,0.65,0.33,0.56,0.17,1.0,0.88,0.43,0.22,0.25,0.8,0.92,0.5,0.25,1.0,0.57,0.14,1.0,0.18,0.53,0.0,0.4,0.0,0.87,0.42,0.36,0.5,0.64,0.0,1.0,0.3,0.12,0.08,0.29,0.67,0.71,1.0,1.0,0.0,0.4,0.5,0.64,0.2,0.5,0.29,0.3,0.77,0.54,0.33,0.59,0.87,0.06,0.62,0.73,0.43,0.81,0.29,0.53,0.71,0.41,0.0,0.88,0.56,0.17,0.19,0.35,0.67,0.42,0.91,0.08,0.25,0.6,0.83,0.31,0.25,0.0,0.64,0.93,0.64,1.0,0.93,0.88,0.41,0.82,1.0,0.23,0.83,0.0,0.27,0.23,1.0,0.32,0.24,0.86,0.83,0.75,0.83,0.93,0.59,0.93,0.57,0.79,1.0,0.5,0.79,0.11,0.57,1.0,0.0,0.67,0.33,0.25,0.23,0.5,1.0,0.6,0.47,0.47,0.47,0.69,0.07,0.79,0.91,1.0,0.29,0.14,0.44,1.0,0.62,0.36,0.23,0.77,0.82,0.92,0.33,0.07,0.25,0.25,0.4,0.27,0.71,0.31,0.0,0.94,0.6,1.0,0.36,0.62,0.73,1.0,0.18,0.64,0.36,0.87,0.32,0.4,0.27,0.0,0.33,0.88,1.0,0.4,0.74,0.73,0.25,1.0,0.87,0.8,0.67,0.33,0.69,0.38,0.33,0.3,0.88,0.07,0.17,0.45,0.92,0.22,0.8,0.33,0.77,0.4,0.9,0.67,0.78,0.92,0.83,0.05,0.24,0.58,0.6,0.2,0.23,0.74,0.45,0.29,0.0,0.78,0.14,0.19,1.0,0.0,0.0,1.0,0.41,0.14,0.14,0.75,0.93,0.89,0.47,0.3,0.25,0.69,0.12,0.29,0.0,0.17,0.73,0.81,0.46,0.89,0.18,0.89,0.23,0.43,0.29,0.21,0.15,0.15,0.33,0.0,0.29,0.11,1.0,0.69,0.92,0.47,1.0,0.53,0.62,0.77,0.62,0.87,0.5,0.36,0.15,0.0,0.12,1.0,0.12,0.07,0.07,0.88,1.0,0.36,0.18,0.8,0.75,0.33,0.21,0.71,0.69,1.0,0.88,0.92,0.58,0.67,0.54,0.4,0.67,0.17,0.93,0.86,0.0,0.44,0.83,0.27,0.18,1.0,0.31,0.28,0.57,0.43,0.33
000007030140,0.57,1.0,0.5,0.25,0.2,1.0,0.44,0.47,0.46,1.0,0.4,0.07,0.64,0.26,0.04,0.39,0.5,0.35,0.73,0.05,0.52,0.68,0.25,0.21,0.55,1.0,1.0,0.79,0.25,0.0,0.43,0.62,1.0,0.07,0.0,0.06,0.92,0.18,0.05,0.47,0.44,0.38,0.79,0.06,0.05,0.5,0.28,0.5,0.13,0.45,0.95,0.56,0.27,0.31,0.0,0.52,0.58,0.74,0.07,0.17,0.14,0.07,0.3,0.44,0.48,1.0,0.13,0.0,0.07,0.44,0.06,0.5,0.57,0.5,0.83,0.56,0.0,0.43,0.33,0.0,0.05,0.36,0.0,0.19,0.44,0.53,0.64,0.27,0.77,0.31,0.17,0.18,0.67,0.55,0.79,0.09,0.84,0.55,0.41,0.11,0.36,1.0,0.28,0.19,0.15,0.08,0.64,0.91,0.39,0.57,0.0,0.67,0.11,0.42,0.33,0.82,1.0,0.55,0.26,0.22,0.7,1.0,0.58,0.32,1.0,0.55,0.04,0.87,0.44,0.4,0.16,0.27,0.0,0.54,0.33,0.33,0.73,0.5,0.15,0.95,0.43,0.29,0.15,0.06,0.32,0.65,1.0,0.94,0.2,0.46,0.06,0.31,0.06,0.16,0.39,0.08,0.57,0.46,0.35,0.46,0.81,0.2,0.47,0.5,0.43,0.81,0.18,0.33,0.38,0.28,0.13,1.0,0.5,0.0,0.24,0.41,0.65,0.33,0.74,0.06,0.25,0.36,0.88,0.29,0.41,0.0,0.64,0.63,0.39,0.75,0.95,0.71,0.3,0.75,1.0,0.12,0.81,0.29,0.09,0.07,0.85,0.33,0.06,1.0,0.56,0.62,0.62,0.8,0.16,0.53,0.54,0.73,0.74,0.5,0.67,0.04,0.06,0.94,0.0,0.6,0.14,0.35,0.11,0.47,1.0,0.57,0.59,0.19,0.22,0.45,0.29,0.78,0.73,1.0,0.0,0.0,0.24,0.89,0.09,0.29,0.36,0.54,0.57,0.89,0.24,0.0,0.48,0.38,0.62,0.0,0.5,0.65,0.0,0.7,0.31,1.0,0.67,0.38,0.91,0.85,0.12,0.5,0.42,1.0,0.15,0.08,0.08,0.12,0.12,1.0,0.67,0.16,0.5,0.5,0.29,0.93,0.5,1.0,0.33,0.2,0.64,0.48,0.35,0.5,0.77,0.0,0.16,0.07,0.89,0.06,0.92,0.21,0.45,0.45,1.0,0.74,0.5,1.0,0.85,0.27,0.76,0.91,0.46,0.5,0.21,0.38,0.5,0.2,0.0,0.48,0.39,0.15,0.94,0.12,0.09,0.65,0.29,0.08,0.15,1.0,0.75,0.42,0.31,0.07,0.12,0.73,0.39,0.52,0.19,0.05,0.95,0.65,0.37,0.67,0.46,0.8,0.19,0.27,0.48,0.56,0.0,0.26,0.22,0.38,0.42,0.05,1.0,0.67,0.67,0.25,0.62,0.57,0.21,0.5,0.43,0.8,0.4,0.23,0.2,0.25,0.28,1.0,0.1,0.07,0.05,1.0,0.95,0.77,0.08,0.62,0.67,0.63,0.16,0.73,0.65,0.78,0.81,0.94,0.64,0.89,0.61,0.32,0.42,0.0,0.85,1.0,0.55,0.76,0.79,0.56,0.26,1.0,0.06,0.45,0.64,0.28,0.27
000007030150,0.93,1.0,0.36,0.1,0.2,1.0,0.53,0.57,1.0,0.79,0.73,0.33,0.91,0.83,0.0,0.45,0.8,0.48,0.69,0.05,0.46,0.63,0.78,0.31,0.3,0.86,1.0,0.81,0.24,0.17,0.81,0.95,1.0,0.12,0.2,0.0,0.93,0.25,0.21,0.79,0.38,0.46,0.87,0.33,0.35,0.29,0.71,0.48,0.33,0.74,1.0,0.89,0.18,0.76,0.36,0.38,0.76,0.45,0.03,0.13,0.89,0.11,0.5,0.35,0.86,1.0,0.06,0.08,0.0,0.27,0.15,0.2,0.76,0.29,0.71,0.39,0.12,0.18,0.43,0.04,0.24,0.16,0.56,0.0,0.69,0.5,0.41,0.24,0.81,0.28,0.15,0.26,0.42,0.62,0.86,0.11,0.7,0.46,0.44,0.31,0.45,1.0,0.52,0.35,0.25,0.33,0.78,1.0,0.37,0.42,0.0,0.84,0.17,0.68,0.23,0.83,0.95,0.44,0.33,0.36,0.83,0.95,0.68,0.5,0.92,0.45,0.05,0.78,0.5,0.26,0.18,0.64,0.11,0.9,0.38,0.4,0.71,0.68,0.14,0.95,0.24,0.13,0.32,0.13,0.59,0.67,1.0,0.95,0.14,0.71,0.62,0.71,0.28,0.26,0.31,0.23,0.55,0.5,0.22,0.64,0.82,0.14,0.57,0.58,0.59,0.92,0.25,0.75,0.87,0.25,0.1,0.92,0.52,0.0,0.29,0.31,0.73,0.22,0.97,0.0,0.19,0.68,1.0,0.31,0.44,0.06,0.74,1.0,0.67,0.68,0.94,0.81,0.33,0.78,0.93,0.67,0.83,0.27,0.25,0.0,0.92,0.06,0.36,0.95,0.58,0.77,0.79,0.77,0.57,0.89,0.47,0.91,1.0,0.12,0.85,0.0,0.52,1.0,0.22,0.69,0.56,0.13,0.08,0.73,0.93,0.6,0.71,0.4,0.3,0.57,0.16,0.87,0.82,0.67,0.33,0.77,0.62,0.96,0.6,0.24,0.56,0.65,0.92,0.95,0.17,0.05,0.34,0.76,0.62,0.42,0.88,0.5,0.0,0.6,0.69,0.94,0.0,0.78,0.96,0.56,0.25,0.96,0.37,1.0,0.21,0.11,0.26,0.21,0.21,0.96,0.82,0.28,0.5,0.81,0.31,0.95,0.77,1.0,0.74,0.33,0.6,0.56,0.64,0.5,0.82,0.14,0.39,0.27,0.96,0.4,1.0,0.41,0.58,0.62,1.0,1.0,0.86,0.83,0.76,0.1,0.23,0.69,0.55,0.27,0.56,0.24,0.38,0.27,0.06,0.84,0.55,0.13,1.0,0.07,0.0,0.76,0.26,0.23,0.08,0.94,1.0,0.73,0.22,0.22,0.0,0.86,0.24,0.39,0.17,0.09,0.65,0.39,0.3,0.88,0.79,1.0,0.52,0.58,0.58,0.64,0.11,0.3,0.43,0.7,0.48,0.06,1.0,0.95,0.69,0.26,0.95,0.7,0.69,0.71,0.65,0.9,0.5,0.37,0.18,0.22,0.39,1.0,0.11,0.0,0.09,0.91,0.9,0.47,0.21,1.0,0.71,0.29,0.52,0.61,0.82,0.79,0.93,0.95,0.65,0.88,0.55,0.42,0.91,0.22,0.88,0.94,0.5,0.59,0.68,0.0,0.0,0.97,0.18,0.43,0.65,0.67,0.45
000007030180,0.8,0.94,0.2,0.25,0.19,0.88,0.76,0.73,0.67,1.0,0.33,0.69,0.88,0.64,0.15,0.46,0.5,0.43,0.77,0.04,0.37,0.5,0.33,0.1,0.06,1.0,1.0,0.62,0.32,0.07,0.55,0.73,1.0,0.2,0.15,0.05,0.89,0.0,0.44,0.38,0.27,0.43,0.62,0.21,0.25,0.16,0.53,0.64,0.41,0.57,1.0,1.0,0.21,1.0,0.24,0.13,0.57,0.29,0.2,0.3,0.46,0.27,0.5,0.42,0.48,0.89,0.06,0.11,0.0,0.25,0.17,0.13,0.54,0.57,0.12,0.65,0.0,0.53,0.64,0.1,0.23,0.37,0.1,0.05,0.62,0.45,0.59,0.15,0.37,0.48,0.19,0.13,0.78,0.67,0.78,0.1,0.67,0.5,0.32,0.29,0.69,0.95,0.65,0.21,0.3,0.33,0.2,0.86,0.43,0.44,0.0,0.92,0.28,0.36,0.08,0.88,0.84,0.5,0.35,0.07,0.83,0.94,0.53,0.32,1.0,0.81,0.06,0.75,0.22,0.25,0.13,0.75,0.04,0.86,0.39,0.29,0.6,0.84,0.11,0.94,0.35,0.19,0.12,0.09,0.45,0.5,1.0,1.0,0.0,0.38,0.5,0.33,0.08,0.76,0.47,0.33,0.5,0.38,0.0,0.8,0.86,0.25,0.65,0.67,0.58,0.86,0.12,0.86,0.47,0.22,0.14,0.88,0.4,0.16,0.38,0.27,0.94,0.29,1.0,0.11,0.06,0.4,0.87,0.17,0.5,0.1,0.42,0.89,0.82,0.64,1.0,0.87,0.3,0.65,1.0,0.3,0.91,0.05,0.0,0.0,0.88,0.12,0.26,1.0,0.56,0.93,0.6,0.71,0.36,0.76,0.63,0.88,0.93,0.25,0.84,0.0,0.45,0.95,0.0,0.76,0.33,0.29,0.29,0.58,1.0,0.5,0.38,0.27,0.5,0.43,0.12,0.87,0.79,0.96,0.25,0.35,0.46,0.69,0.36,0.25,0.41,0.56,0.74,0.75,0.32,0.0,0.41,0.36,0.5,0.18,0.7,0.62,0.0,0.62,0.44,1.0,0.45,0.65,0.89,0.88,0.12,0.77,0.47,0.88,0.28,0.21,0.14,0.0,0.42,1.0,0.85,0.36,0.31,0.76,0.86,0.87,0.62,1.0,0.67,0.27,0.5,0.36,0.37,0.4,0.69,0.18,0.25,0.31,0.83,0.06,0.69,0.4,0.55,0.64,1.0,0.93,0.55,0.62,0.93,0.06,0.5,0.79,0.56,0.37,0.25,0.86,0.41,0.22,0.0,0.72,0.33,0.0,0.93,0.17,0.0,0.88,0.46,0.14,0.0,0.69,0.91,0.63,0.44,0.25,0.12,1.0,0.29,0.58,0.25,0.18,0.77,0.22,0.7,1.0,0.13,0.89,0.5,0.42,0.7,0.62,0.09,0.53,0.65,0.46,0.3,0.0,1.0,0.9,0.72,0.41,0.93,0.41,0.33,0.6,0.76,0.74,0.38,0.8,0.29,0.4,0.0,1.0,0.1,0.0,0.24,0.92,1.0,0.83,0.16,0.76,0.6,0.27,0.29,0.6,0.54,0.77,0.86,0.82,0.73,1.0,0.5,0.18,0.43,0.13,0.79,0.95,0.5,0.41,0.85,0.15,0.15,1.0,0.07,0.29,0.72,0.18,0.31
000007030190,0.81,1.0,0.41,0.17,0.41,1.0,0.83,0.44,0.78,0.93,0.27,0.4,0.81,0.68,0.17,0.5,0.91,0.56,0.73,0.06,0.44,0.44,0.75,0.33,0.26,0.85,1.0,0.83,0.07,0.17,0.37,0.89,1.0,0.06,0.05,0.06,1.0,0.29,0.46,0.65,0.19,0.62,0.75,0.27,0.33,0.32,0.48,0.24,0.35,0.6,1.0,0.94,0.11,0.64,0.12,0.21,0.41,0.56,0.33,0.33,0.31,0.32,0.5,0.42,0.33,1.0,0.0,0.0,0.0,0.09,0.04,0.4,0.44,0.5,0.64,0.67,0.08,0.3,0.12,0.07,0.33,0.33,0.07,0.17,1.0,0.41,0.25,0.09,0.52,0.65,0.16,0.22,0.64,0.59,0.36,0.11,0.5,0.57,0.19,0.33,0.5,0.73,0.57,0.43,0.14,0.54,0.62,1.0,0.55,0.67,0.0,0.84,0.13,0.33,0.12,0.91,1.0,0.58,0.33,0.28,0.75,1.0,0.67,0.6,1.0,0.92,0.13,0.84,0.31,0.45,0.17,0.64,0.0,0.81,0.12,0.29,0.6,0.75,0.15,1.0,0.42,0.17,0.1,0.0,0.33,0.65,0.92,1.0,0.0,0.63,0.29,0.8,0.17,0.38,0.4,0.53,0.54,0.4,0.25,0.75,0.75,0.33,0.82,0.69,0.68,0.78,0.11,0.6,0.8,0.57,0.3,0.76,0.7,0.12,0.71,0.25,0.94,0.45,0.75,0.18,0.6,0.62,0.8,0.28,0.41,0.19,0.77,0.81,0.67,0.83,0.91,0.88,0.53,0.53,1.0,0.42,0.79,0.09,0.1,0.09,0.9,0.23,0.05,1.0,0.79,0.76,0.57,0.92,0.43,0.6,0.76,0.8,0.8,0.38,0.64,0.0,0.47,1.0,0.06,0.83,0.25,0.26,0.3,0.71,1.0,0.75,0.37,0.45,0.5,0.71,0.19,0.75,0.92,0.92,0.07,0.41,0.44,0.84,0.38,0.38,0.62,0.74,0.73,0.9,0.0,0.0,0.33,0.71,0.78,0.1,0.64,0.22,0.0,1.0,0.69,1.0,0.62,0.76,0.89,0.81,0.29,0.79,0.29,1.0,0.17,0.18,0.32,0.05,0.4,0.94,0.6,0.8,0.42,0.78,0.53,1.0,0.92,1.0,0.71,0.25,0.62,0.2,0.6,0.57,0.69,0.11,0.2,0.26,0.95,0.0,0.46,0.41,0.41,0.62,1.0,0.87,0.94,0.89,0.79,0.0,0.3,0.71,0.71,0.4,0.07,0.69,0.71,0.27,0.0,0.8,0.36,0.09,1.0,0.04,0.06,0.8,0.32,0.14,0.03,0.87,1.0,0.62,0.33,0.17,0.05,0.87,0.2,0.67,0.1,0.1,0.65,0.53,0.71,0.86,0.5,0.95,0.33,0.77,0.36,0.68,0.05,0.45,0.5,0.82,0.54,0.09,1.0,0.67,0.43,0.9,0.91,0.56,0.5,0.8,0.73,0.93,0.32,0.47,0.18,0.35,0.22,0.94,0.1,0.0,0.11,0.86,0.93,0.55,0.27,0.82,0.58,0.29,0.5,0.5,0.82,0.75,0.92,0.81,1.0,0.86,0.46,0.2,0.46,0.12,0.65,1.0,0.67,0.5,0.94,0.25,0.25,1.0,0.17,0.18,0.39,0.62,0.35
000007030200,1.0,1.0,0.38,0.18,0.33,1.0,0.71,0.55,1.0,1.0,0.25,0.75,0.89,0.57,0.0,0.76,0.8,0.5,0.8,0.0,0.43,0.62,0.0,0.25,0.29,0.73,1.0,0.9,0.33,0.0,0.29,0.62,1.0,0.07,0.24,0.09,0.86,0.5,0.25,0.17,0.6,0.6,0.91,0.0,0.0,0.15,0.79,0.86,0.0,0.75,1.0,0.9,0.4,0.71,0.0,0.43,0.57,0.67,0.0,0.1,0.36,0.21,0.5,0.15,0.4,0.85,0.12,0.0,0.0,0.33,0.17,0.11,0.58,0.27,0.57,0.36,0.09,0.23,0.75,0.5,0.23,0.0,0.08,0.3,0.6,0.17,0.31,0.23,0.53,0.46,0.38,0.71,0.8,0.47,0.67,0.0,0.86,0.73,0.12,0.5,0.44,0.86,0.14,0.22,0.5,0.14,0.8,1.0,0.67,0.89,0.0,0.56,0.0,0.2,0.1,0.8,1.0,0.4,0.08,0.43,0.8,1.0,0.75,0.11,0.86,1.0,0.08,0.73,0.43,0.42,0.0,0.4,0.0,0.59,0.4,0.46,0.86,0.63,0.0,0.83,0.43,0.11,0.0,0.17,0.3,0.6,1.0,1.0,0.09,0.23,0.17,0.75,0.18,0.29,0.38,0.12,0.77,0.5,0.62,0.67,0.43,0.0,0.88,0.6,0.33,0.6,0.18,0.83,0.58,0.33,0.2,1.0,0.43,0.08,0.67,0.33,0.88,0.56,1.0,0.0,0.5,0.67,0.92,0.36,0.6,0.17,0.7,0.83,0.71,0.5,1.0,0.67,0.6,0.71,1.0,0.31,1.0,0.0,0.1,0.2,1.0,0.25,0.67,0.86,0.7,1.0,0.75,0.93,0.44,0.85,0.62,0.93,0.85,0.43,0.64,0.0,0.44,0.86,0.09,0.44,0.23,0.2,0.2,0.5,0.92,0.75,0.85,0.33,0.62,0.5,0.1,0.75,0.8,1.0,0.36,0.3,0.25,0.82,0.33,0.33,0.5,0.83,0.83,0.75,0.56,0.0,0.25,0.5,0.55,0.5,0.86,0.8,0.0,1.0,0.6,1.0,0.3,0.6,0.75,1.0,0.0,0.7,0.33,1.0,0.07,0.14,0.22,0.09,0.5,1.0,0.43,0.33,0.6,0.4,0.33,0.94,0.38,0.73,0.5,0.33,0.58,0.0,0.62,0.71,0.7,0.06,0.0,0.0,0.73,0.0,0.71,0.27,0.5,0.55,0.94,0.9,0.6,0.75,0.92,0.12,0.2,1.0,0.6,0.44,0.29,0.25,0.33,0.17,0.0,1.0,0.2,0.0,0.94,0.17,0.06,0.7,0.33,0.18,0.14,1.0,1.0,0.55,0.17,0.17,0.08,1.0,0.22,1.0,0.09,0.18,0.64,0.28,0.89,0.84,0.5,0.78,0.33,0.12,0.29,0.4,0.18,0.42,1.0,0.5,0.56,0.25,1.0,0.81,0.71,0.79,1.0,0.23,0.43,0.87,0.71,0.75,0.33,0.45,0.0,0.11,0.0,1.0,0.0,0.0,0.0,0.8,0.89,0.4,0.22,0.75,0.92,0.3,0.47,0.56,0.67,0.75,0.92,0.67,0.83,1.0,0.44,0.44,0.55,0.1,0.75,0.56,0.6,0.64,0.78,0.3,0.0,1.0,0.11,0.57,0.38,0.57,0.25
000007030210,0.82,1.0,0.42,0.0,0.2,1.0,0.67,0.44,0.61,0.64,0.36,0.33,0.5,0.69,0.05,0.63,0.75,0.5,0.42,0.0,0.54,0.33,0.31,0.14,0.2,1.0,1.0,1.0,0.17,0.0,0.54,0.79,1.0,0.0,0.15,0.33,1.0,0.23,0.5,0.69,0.5,0.86,0.58,0.39,0.44,0.06,0.23,0.44,0.44,0.85,0.93,0.5,0.29,0.92,0.14,0.42,0.4,0.69,0.12,0.36,0.46,0.05,0.71,0.21,0.53,0.92,0.2,0.27,0.0,0.22,0.06,0.29,0.71,0.19,0.64,0.6,0.11,0.31,0.17,0.24,0.47,0.67,0.42,0.14,0.67,0.14,0.5,0.06,0.72,0.35,0.35,0.25,0.78,0.3,0.95,0.09,0.58,0.67,0.42,0.33,0.42,0.8,0.44,0.64,0.2,0.21,0.67,0.96,0.38,0.67,0.0,0.73,0.2,0.24,0.08,1.0,0.94,0.45,0.17,0.18,1.0,1.0,0.71,0.24,0.86,0.62,0.1,0.83,0.2,0.58,0.12,0.65,0.09,0.78,0.46,0.29,0.5,0.85,0.13,0.88,0.58,0.14,0.06,0.0,0.53,0.47,0.89,1.0,0.05,0.5,0.5,0.57,0.05,0.5,0.58,0.08,0.67,0.27,0.32,0.64,0.76,0.43,0.69,0.54,0.69,0.85,0.44,0.71,0.92,0.43,0.31,1.0,0.44,0.04,0.2,0.22,0.87,0.47,0.86,0.16,0.25,0.56,1.0,0.19,0.19,0.12,0.79,0.8,0.36,0.86,0.94,0.88,0.2,0.79,0.75,0.44,0.94,0.0,0.04,0.2,1.0,0.4,0.67,1.0,0.62,0.87,0.44,0.75,0.5,0.9,0.74,0.85,0.81,0.67,0.8,0.08,0.52,0.86,0.0,0.75,0.61,0.0,0.2,0.68,1.0,0.64,0.65,0.29,0.35,0.47,0.08,0.85,0.73,0.85,0.33,0.18,0.33,0.8,0.38,0.45,0.46,0.53,0.81,0.6,0.27,0.0,0.43,0.4,0.71,0.25,0.83,0.91,0.0,1.0,0.5,1.0,0.33,0.75,0.8,0.67,0.36,0.88,0.09,1.0,0.05,0.0,0.24,0.06,0.43,1.0,0.46,0.33,0.39,0.8,0.4,1.0,1.0,0.94,0.59,0.23,0.53,0.58,0.5,0.4,1.0,0.0,0.11,0.28,0.92,0.0,0.88,0.5,0.62,0.69,0.93,0.81,0.6,0.8,1.0,0.43,0.25,0.64,0.43,0.38,0.14,0.67,0.61,0.31,0.0,0.76,0.5,0.06,1.0,0.24,0.0,0.45,0.3,0.05,0.0,0.85,1.0,0.62,0.36,0.27,0.16,0.67,0.67,0.58,0.08,0.0,0.76,0.58,0.76,1.0,0.47,0.88,0.45,0.29,0.65,1.0,0.25,0.38,0.53,0.69,0.7,0.13,1.0,0.89,0.95,0.56,1.0,0.65,0.5,0.83,0.71,0.93,0.54,0.17,0.14,0.31,0.16,1.0,0.19,0.0,0.0,0.6,0.85,0.44,0.12,0.81,0.81,0.62,0.5,0.75,0.67,0.75,0.8,1.0,0.81,0.86,0.55,0.14,0.38,0.06,0.89,0.85,0.46,0.38,0.83,0.2,0.36,1.0,0.18,0.74,0.69,0.79,0.19
000007030230,0.93,1.0,0.29,0.31,0.5,0.92,0.4,0.6,0.71,0.89,0.33,0.55,0.5,0.8,0.0,0.55,0.83,0.5,0.47,0.0,0.47,0.5,0.0,0.11,0.25,1.0,1.0,1.0,0.22,0.0,0.6,0.9,1.0,0.09,0.14,0.0,0.9,0.14,0.5,0.33,0.54,1.0,1.0,0.18,0.46,0.11,0.78,0.8,0.33,0.91,1.0,1.0,0.24,0.64,0.3,0.67,0.45,0.69,0.08,0.07,0.56,0.09,0.29,0.23,0.79,0.9,0.17,0.22,0.09,0.5,0.22,0.2,0.17,0.43,0.71,0.71,0.0,0.36,0.33,0.22,0.4,0.33,0.38,0.17,0.67,0.25,0.57,0.0,0.67,0.62,0.56,0.33,0.64,0.57,0.78,0.0,0.79,0.62,0.67,0.2,0.67,0.94,0.35,0.45,0.4,0.36,0.25,1.0,0.3,0.7,0.0,0.6,0.43,0.5,0.27,0.92,0.75,0.57,0.12,0.12,0.69,0.9,0.77,0.42,1.0,1.0,0.0,0.85,0.12,0.5,0.0,0.42,0.0,0.75,0.23,0.11,0.6,0.77,0.2,1.0,0.38,0.44,0.0,0.29,0.57,0.27,0.88,0.94,0.0,0.56,0.5,0.64,0.12,0.25,0.62,0.38,0.8,0.47,0.07,0.38,0.5,0.43,0.93,0.39,0.31,0.94,0.6,0.64,0.5,0.67,0.3,0.82,0.73,0.36,0.5,0.0,0.82,0.45,0.88,0.0,0.85,0.83,0.89,0.2,0.6,0.22,0.83,1.0,0.71,0.78,1.0,0.86,0.5,0.82,0.75,0.67,0.75,0.0,0.38,0.0,1.0,0.56,0.33,0.8,0.74,1.0,0.69,1.0,0.29,0.8,0.38,1.0,0.92,0.5,0.88,0.11,0.57,1.0,0.0,0.92,0.0,0.14,0.1,0.83,1.0,0.65,0.44,0.33,0.35,0.64,0.17,0.8,1.0,0.85,0.3,0.17,0.38,0.83,0.1,0.27,0.7,0.33,0.94,0.57,0.38,0.06,0.5,0.33,0.45,0.4,0.88,0.88,0.0,1.0,0.57,1.0,0.67,0.73,0.91,1.0,0.2,1.0,0.33,1.0,0.28,0.0,0.08,0.0,0.4,1.0,0.55,0.5,0.44,0.5,0.57,0.86,0.89,0.9,0.46,0.39,0.43,0.58,0.67,0.75,0.71,0.08,0.1,0.5,0.85,0.09,0.88,0.22,0.4,0.22,1.0,0.91,0.75,1.0,1.0,0.25,0.55,0.86,0.67,0.38,0.1,0.33,0.33,0.38,0.06,0.87,0.53,0.0,1.0,0.09,0.0,1.0,0.4,0.0,0.0,0.93,1.0,0.71,0.5,0.5,0.29,1.0,0.21,0.73,0.25,0.27,0.75,0.7,0.5,0.73,0.57,1.0,0.33,0.25,0.82,0.56,0.07,0.6,0.62,0.6,0.5,0.0,1.0,0.92,0.69,0.71,0.9,0.5,0.29,1.0,1.0,0.67,0.58,0.31,0.11,0.38,0.45,0.93,0.13,0.0,0.18,1.0,1.0,0.36,0.44,0.88,0.82,0.4,0.09,0.86,0.77,0.88,1.0,0.93,0.45,0.67,0.4,0.21,0.79,0.08,0.89,0.8,0.25,0.65,0.83,0.2,0.11,1.0,0.12,0.25,0.7,0.56,0.6
000007030260,0.88,1.0,0.54,0.26,0.18,0.94,0.5,0.69,0.88,0.83,0.5,0.5,0.73,0.89,0.16,0.5,0.67,0.14,0.94,0.07,0.31,0.5,0.6,0.45,0.36,0.95,1.0,0.92,0.27,0.1,0.5,0.91,1.0,0.12,0.06,0.15,0.83,0.42,0.28,0.57,0.36,0.95,0.8,0.62,0.5,0.42,0.71,0.6,0.42,0.8,1.0,0.78,0.42,0.8,0.0,0.18,0.68,0.67,0.0,0.33,0.73,0.12,0.41,0.5,0.6,0.94,0.0,0.14,0.13,0.54,0.2,0.08,0.18,0.36,0.58,0.85,0.05,0.67,0.4,0.2,0.33,0.24,0.08,0.17,0.65,0.65,0.32,0.21,0.29,0.67,0.2,0.53,0.79,0.75,0.76,0.11,0.82,0.35,0.46,0.18,0.81,0.93,0.56,0.27,0.38,0.14,0.6,1.0,0.56,0.71,0.0,0.92,0.42,0.38,0.07,1.0,1.0,0.62,0.24,0.33,0.95,1.0,0.6,0.58,1.0,0.83,0.05,0.97,0.25,0.42,0.19,0.75,0.12,0.94,0.39,0.18,0.8,0.71,0.05,0.88,0.53,0.07,0.31,0.14,0.27,0.53,1.0,0.95,0.0,0.6,0.75,0.82,0.26,0.25,0.29,0.31,0.75,0.36,0.27,0.83,0.87,0.21,0.6,0.58,0.67,0.92,0.4,0.79,0.64,0.39,0.1,0.94,0.83,0.15,0.88,0.25,0.83,0.64,1.0,0.0,0.77,0.62,1.0,0.31,0.81,0.24,0.5,0.86,0.67,0.89,1.0,1.0,0.33,0.5,0.86,0.06,0.82,0.2,0.09,0.14,1.0,0.53,0.47,0.92,0.93,0.83,0.64,1.0,0.62,0.75,0.59,0.86,0.89,0.45,0.71,0.05,0.62,0.91,0.07,0.8,0.21,0.17,0.05,0.82,1.0,0.29,0.73,0.55,0.15,0.63,0.22,0.83,0.94,0.82,0.43,0.32,0.7,1.0,0.29,0.39,0.57,0.82,0.8,0.67,0.58,0.0,0.44,0.67,0.57,0.18,0.79,0.88,0.04,0.64,0.44,1.0,0.7,0.64,0.92,1.0,0.25,0.86,0.48,0.89,0.05,0.1,0.29,0.0,0.62,0.94,1.0,0.43,0.71,0.94,0.28,0.94,0.95,0.9,0.74,0.31,0.69,0.64,0.45,0.79,0.94,0.22,0.27,0.44,0.92,0.15,0.91,0.44,0.59,0.8,1.0,0.92,1.0,0.9,0.74,0.31,0.47,0.78,0.73,0.19,0.27,0.78,0.36,0.5,0.0,0.78,0.38,0.1,1.0,0.04,0.1,0.85,0.42,0.1,0.0,1.0,1.0,0.38,0.57,0.62,0.26,0.86,0.22,0.61,0.09,0.1,0.89,0.5,0.75,0.94,0.64,0.69,0.33,0.67,0.56,0.6,0.2,0.73,0.79,0.33,0.67,0.0,1.0,0.8,0.81,0.8,0.73,0.44,0.62,0.82,0.83,0.88,0.61,0.31,0.0,0.26,0.21,1.0,0.07,0.0,0.22,0.92,1.0,0.39,0.33,0.93,0.64,0.5,0.59,0.7,0.71,1.0,0.79,0.88,0.73,0.92,0.5,0.29,0.73,0.0,0.75,0.75,0.63,0.87,0.94,0.27,0.24,1.0,0.1,0.3,0.75,0.43,0.52
000007030290,0.91,1.0,0.5,0.32,0.07,1.0,0.3,0.6,0.75,0.8,0.33,0.25,0.79,0.73,0.17,0.61,0.36,0.8,0.67,0.0,0.53,0.58,0.12,0.33,0.38,1.0,1.0,0.67,0.38,0.0,0.85,0.75,1.0,0.25,0.14,0.0,0.73,0.08,0.31,0.5,0.5,0.75,0.91,0.5,0.38,0.0,0.67,0.33,0.45,0.86,0.94,0.69,0.25,0.89,0.1,0.62,0.8,0.58,0.1,0.12,0.08,0.06,0.45,0.4,0.88,1.0,0.08,0.14,0.08,0.29,0.13,0.17,0.69,0.38,0.67,0.5,0.0,0.27,0.33,0.2,0.4,0.35,0.0,0.0,0.6,0.33,0.2,0.69,0.8,0.38,0.1,0.0,0.69,0.78,0.43,0.25,0.7,0.5,0.23,0.0,0.33,0.5,0.12,0.08,0.4,0.27,0.58,0.8,0.31,0.5,0.0,0.86,0.0,0.44,0.12,0.77,1.0,0.56,0.28,0.2,1.0,1.0,0.82,0.25,0.85,0.53,0.0,0.82,0.5,0.5,0.18,0.64,0.0,0.75,0.18,0.15,0.62,0.6,0.31,1.0,0.35,0.08,0.17,0.11,0.32,0.67,1.0,0.94,0.0,0.5,0.33,0.5,0.0,0.4,0.5,0.11,0.73,0.43,0.05,0.79,0.45,0.0,0.78,0.33,0.67,0.9,0.07,0.62,0.75,0.25,0.18,0.94,0.69,0.08,0.36,0.36,0.86,0.33,0.75,0.08,0.64,0.6,0.64,0.4,0.67,0.11,0.75,1.0,0.73,0.78,1.0,0.62,0.43,0.93,0.67,0.8,0.88,0.14,0.0,0.08,0.88,0.44,0.27,0.85,0.53,0.6,0.82,0.67,0.27,0.89,0.5,0.89,1.0,0.6,0.93,0.06,0.43,1.0,0.06,0.67,0.27,0.0,0.0,0.4,1.0,0.62,0.62,0.29,0.53,0.86,0.0,0.79,0.86,0.75,0.33,0.33,0.6,0.71,0.32,0.0,0.58,0.44,1.0,0.6,0.1,0.0,0.27,0.56,0.45,0.18,1.0,0.62,0.0,0.64,0.5,1.0,0.64,0.61,0.93,0.82,0.2,0.93,0.3,0.87,0.22,0.1,0.17,0.0,0.58,1.0,1.0,0.54,0.33,0.5,0.4,1.0,0.57,0.92,0.62,0.12,0.6,0.33,0.41,0.14,0.38,0.17,0.24,0.33,0.67,0.22,0.46,0.29,0.43,0.22,1.0,0.69,0.78,0.8,0.73,0.27,0.47,0.8,0.5,0.23,0.09,0.79,0.67,0.3,0.0,0.62,0.44,0.15,1.0,0.33,0.13,1.0,0.42,0.3,0.0,0.4,0.94,0.4,0.24,0.18,0.38,1.0,0.07,0.31,0.27,0.11,0.93,0.67,0.56,0.86,0.29,1.0,0.71,0.4,0.35,0.82,0.33,0.57,0.64,1.0,0.62,0.17,0.92,0.56,0.83,0.43,0.73,0.56,0.89,0.92,0.87,0.56,0.5,0.33,0.09,0.2,0.08,0.94,0.1,0.0,0.14,0.92,0.86,0.62,0.07,0.64,0.67,0.36,0.38,0.64,0.92,0.88,0.82,0.92,0.43,0.8,0.29,0.33,0.58,0.0,0.8,1.0,0.29,0.5,0.55,0.23,0.11,1.0,0.08,0.36,0.7,0.58,0.15
000007030340,0.71,1.0,0.33,0.29,0.08,1.0,0.5,0.44,0.6,0.88,0.5,0.64,0.73,0.88,0.06,0.67,0.75,0.8,0.67,0.11,0.53,0.62,0.43,0.27,0.22,1.0,1.0,0.9,0.09,0.0,0.9,0.94,1.0,0.14,0.14,0.06,0.88,0.31,0.12,0.38,0.36,0.53,1.0,0.67,0.5,0.14,0.62,0.75,0.67,0.5,1.0,1.0,0.16,0.92,0.23,0.11,0.5,0.43,0.38,0.43,0.4,0.15,0.4,0.33,0.71,0.9,0.06,0.17,0.0,0.46,0.19,0.5,0.64,0.42,0.38,0.53,0.0,0.29,0.38,0.2,0.11,0.33,0.08,0.14,0.25,0.59,0.53,0.22,0.44,0.32,0.27,0.67,0.79,0.14,0.72,0.08,0.92,0.64,0.33,0.33,0.62,0.88,0.68,0.31,0.33,0.36,0.75,0.9,0.39,0.47,0.0,0.42,0.11,0.62,0.11,0.85,1.0,0.21,0.29,0.25,0.82,0.91,0.7,0.33,0.91,1.0,0.0,1.0,0.43,0.71,0.2,0.62,0.0,0.61,0.25,0.32,0.54,0.95,0.22,0.95,0.25,0.07,0.21,0.0,0.43,0.4,0.89,0.95,0.09,0.62,0.56,0.67,0.0,0.47,0.29,0.2,0.57,0.5,0.25,0.36,0.75,0.0,0.64,0.79,0.4,0.88,0.28,0.67,0.6,0.4,0.12,0.93,0.57,0.1,0.45,0.71,0.82,0.67,0.77,0.0,0.55,0.73,1.0,0.65,0.38,0.07,0.92,1.0,1.0,0.89,0.9,0.75,0.47,0.68,0.88,0.29,0.88,0.0,0.0,0.28,0.85,0.08,0.23,1.0,0.57,0.89,0.3,1.0,0.53,0.64,0.36,0.69,1.0,0.33,0.8,0.05,0.63,1.0,0.08,0.89,0.28,0.07,0.17,0.7,1.0,0.6,0.47,0.38,0.5,0.73,0.18,0.92,0.91,0.88,0.37,0.27,0.67,0.73,0.7,0.08,0.55,0.36,0.79,0.9,0.27,0.0,0.42,0.82,0.35,0.26,0.76,0.29,0.0,0.73,0.75,1.0,0.6,0.5,0.92,0.83,0.09,0.78,0.19,1.0,0.12,0.0,0.29,0.08,0.74,1.0,0.67,0.6,0.8,0.53,0.67,0.9,0.8,0.93,0.91,0.33,0.62,0.61,0.46,0.73,0.55,0.12,0.08,0.08,0.83,0.14,0.88,0.64,0.33,0.82,1.0,0.94,0.54,0.91,0.69,0.25,0.47,0.85,0.56,0.4,0.38,0.47,0.36,0.17,0.05,0.56,0.5,0.0,1.0,0.13,0.0,0.88,0.47,0.19,0.08,0.29,1.0,0.81,0.28,0.22,0.21,0.9,0.27,0.69,0.08,0.13,0.95,0.4,0.62,0.87,0.33,0.82,0.33,0.23,0.5,0.57,0.17,0.25,0.88,0.5,0.21,0.07,0.94,0.64,0.86,0.75,1.0,0.55,0.77,0.6,1.0,0.83,0.5,0.25,0.46,0.18,0.29,1.0,0.12,0.0,0.19,1.0,1.0,0.6,0.13,0.73,0.62,0.35,0.6,0.88,0.91,0.73,0.87,0.89,1.0,0.87,0.58,0.2,0.71,0.06,0.43,0.88,0.71,0.33,0.79,0.28,0.29,1.0,0.05,0.35,0.85,0.44,0.15
000007030350,0.82,1.0,0.45,0.38,0.13,0.89,0.56,0.76,0.85,0.94,0.38,0.29,0.62,0.77,0.15,0.78,0.33,0.44,0.45,0.12,0.56,0.58,0.64,0.15,0.35,0.82,1.0,1.0,0.25,0.0,0.81,0.92,1.0,0.31,0.1,0.0,0.92,0.35,0.56,0.5,0.21,0.64,0.67,0.05,0.1,0.14,1.0,0.57,0.47,0.71,1.0,0.73,0.38,0.76,0.06,0.31,0.42,0.71,0.32,0.14,0.62,0.29,0.44,0.31,0.77,1.0,0.1,0.08,0.06,0.4,0.09,0.2,0.64,0.33,0.64,0.58,0.0,0.46,0.55,0.19,0.25,0.25,0.11,0.07,0.55,0.38,0.58,0.08,0.7,0.25,0.5,0.25,0.8,0.69,0.6,0.15,0.8,0.61,0.58,0.23,0.38,0.87,0.14,0.29,0.29,0.14,0.44,0.75,0.75,0.57,0.0,0.77,0.15,0.56,0.08,0.81,1.0,0.5,0.43,0.09,0.7,1.0,0.65,0.18,0.88,0.93,0.0,1.0,0.44,0.8,0.09,0.38,0.08,0.71,0.43,0.06,0.46,0.64,0.54,1.0,0.36,0.18,0.5,0.13,0.5,0.57,0.88,1.0,0.12,0.5,0.44,0.56,0.16,0.43,0.35,0.11,0.44,0.44,0.22,0.52,0.75,0.19,0.67,0.67,0.44,0.93,0.33,0.93,0.87,0.31,0.05,1.0,0.69,0.09,0.11,0.6,0.7,0.12,0.83,0.18,0.25,0.2,0.73,0.54,0.61,0.13,0.82,1.0,0.75,0.91,0.89,0.86,0.53,0.83,0.85,0.21,0.9,0.1,0.29,0.14,0.94,0.1,0.11,0.93,0.7,0.73,0.68,0.85,0.31,0.82,0.67,0.75,0.92,0.64,0.79,0.0,0.47,1.0,0.0,0.76,0.37,0.0,0.05,0.55,1.0,0.81,0.5,0.47,0.64,0.64,0.11,0.85,1.0,0.76,0.38,0.29,0.31,0.92,0.5,0.17,0.54,0.83,0.63,0.79,0.5,0.0,0.6,0.58,0.63,0.1,0.69,0.38,0.0,0.73,0.36,1.0,0.38,0.86,1.0,1.0,0.29,1.0,0.18,1.0,0.14,0.22,0.29,0.08,0.67,1.0,0.56,0.31,0.44,0.54,0.77,0.92,0.93,0.94,0.57,0.11,0.67,0.73,0.46,0.56,0.82,0.13,0.08,0.4,0.92,0.11,1.0,0.19,0.35,0.47,1.0,0.6,0.92,0.88,1.0,0.21,0.4,0.57,0.5,0.36,0.32,0.77,0.42,0.18,0.17,0.48,0.33,0.0,0.91,0.04,0.0,0.33,0.29,0.1,0.0,0.89,0.92,0.48,0.5,0.07,0.27,0.94,0.21,0.4,0.11,0.17,0.73,0.5,0.18,0.88,0.64,0.93,0.15,0.21,0.45,0.6,0.06,0.25,0.79,0.86,0.41,0.0,0.95,0.76,1.0,0.27,0.83,0.77,0.5,0.59,0.5,0.83,0.14,0.4,0.12,0.25,0.23,0.91,0.1,0.06,0.17,0.91,0.95,0.73,0.27,0.67,0.87,0.54,0.7,0.64,0.79,0.94,1.0,0.91,0.82,1.0,0.5,0.32,0.63,0.07,1.0,0.89,0.29,0.73,1.0,0.47,0.33,1.0,0.16,0.36,0.59,0.67,0.44
000007030360,0.91,1.0,0.36,0.38,0.25,1.0,0.82,0.54,0.83,1.0,0.5,0.0,0.7,0.86,0.09,0.58,0.6,0.78,0.57,0.0,0.25,0.5,0.57,0.33,0.43,0.8,1.0,1.0,0.11,0.0,0.7,0.86,1.0,0.11,0.0,0.0,1.0,0.0,0.25,0.36,0.44,0.69,0.86,0.09,0.08,0.36,0.88,0.83,0.25,0.5,1.0,0.75,0.29,0.9,0.22,0.29,0.62,0.25,0.09,0.4,0.67,0.29,0.31,0.0,0.78,1.0,0.0,0.07,0.12,0.0,0.0,0.33,0.44,0.29,0.44,0.7,0.0,0.27,0.45,0.07,0.25,0.12,0.43,0.1,0.67,0.38,0.45,0.56,0.54,0.35,0.2,0.25,0.83,0.6,0.77,0.0,0.64,0.6,0.5,0.0,0.2,0.88,0.5,0.12,0.19,0.11,0.5,0.91,0.4,0.56,0.0,0.53,0.2,0.83,0.08,0.85,1.0,0.92,0.18,0.0,0.75,1.0,0.57,0.55,0.86,0.86,0.0,0.83,0.43,0.6,0.27,0.23,0.08,1.0,0.3,0.25,0.57,0.75,0.4,0.93,0.43,0.25,0.1,0.1,0.31,0.5,1.0,1.0,0.0,0.6,0.0,0.33,0.0,0.55,0.36,0.36,0.64,0.44,0.2,0.67,0.71,0.23,0.73,0.56,0.6,0.55,0.0,0.56,0.88,0.21,0.08,0.91,0.71,0.11,0.5,0.21,0.83,0.25,0.75,0.0,0.12,0.43,1.0,0.2,0.43,0.25,0.92,0.86,1.0,0.57,1.0,0.82,0.55,0.5,1.0,0.5,0.75,0.0,0.0,0.0,1.0,0.12,0.2,0.89,0.78,1.0,0.88,1.0,0.55,0.45,0.75,0.71,0.93,0.62,0.86,0.0,0.33,0.67,0.3,0.88,0.33,0.06,0.12,0.45,1.0,0.43,0.33,0.43,0.36,0.5,0.2,1.0,0.81,0.7,0.35,0.38,0.5,1.0,0.38,0.56,0.78,0.46,1.0,0.27,0.2,0.0,0.43,0.31,0.77,0.5,0.83,0.67,0.0,0.75,0.59,,0.57,0.5,0.91,1.0,0.5,0.67,0.4,0.9,0.21,0.2,0.3,0.0,0.29,1.0,0.75,0.67,0.77,1.0,0.82,,0.86,1.0,0.64,0.44,0.33,0.6,0.6,0.6,0.75,0.0,0.17,0.23,0.9,0.0,0.57,0.5,0.33,1.0,1.0,0.86,0.89,0.6,0.78,0.25,0.0,0.8,0.75,0.45,0.45,0.75,0.54,0.2,0.0,0.6,0.57,0.4,0.88,0.29,0.0,0.86,0.25,0.25,0.0,1.0,1.0,0.64,0.62,0.21,0.3,0.86,0.23,0.54,0.0,0.33,0.91,0.7,0.83,0.82,0.33,0.91,0.09,0.45,0.57,0.67,0.23,0.5,0.8,0.6,0.78,0.09,1.0,0.62,0.92,0.4,1.0,0.29,0.43,0.67,0.2,1.0,0.22,0.14,0.0,0.43,0.29,1.0,0.0,0.0,0.0,1.0,1.0,0.45,0.36,0.8,0.56,0.33,0.36,0.46,0.75,0.56,0.83,0.88,0.6,0.67,0.79,0.25,0.8,0.12,0.71,0.89,0.73,0.78,0.62,0.14,0.5,1.0,0.0,0.0,0.31,0.73,0.29
000007030410,0.82,1.0,0.41,0.32,0.21,1.0,0.62,0.54,0.77,1.0,0.21,0.23,0.54,0.52,0.05,0.61,0.73,0.47,0.92,0.0,0.23,0.35,0.23,0.3,0.07,0.89,1.0,0.76,0.2,0.45,0.45,0.67,1.0,0.0,0.0,0.08,0.64,0.3,0.32,0.4,0.06,0.76,0.92,0.41,0.52,0.07,0.67,0.64,0.29,0.86,1.0,0.92,0.53,0.77,0.12,0.5,0.53,0.65,0.5,0.31,0.29,0.28,0.29,0.14,0.58,0.9,0.0,0.06,0.0,0.32,0.26,0.48,0.62,0.38,0.71,0.68,0.12,0.16,0.18,0.16,0.0,0.22,0.12,0.35,0.61,0.33,0.5,0.36,0.53,0.53,0.3,0.27,0.69,0.73,0.5,0.27,0.9,0.38,0.64,0.29,0.43,1.0,0.26,0.18,0.24,0.33,0.58,1.0,0.38,0.64,0.0,0.75,0.25,0.5,0.35,1.0,0.91,0.47,0.29,0.14,0.79,1.0,0.58,0.23,0.93,0.88,0.0,0.88,0.27,0.67,0.09,0.56,0.0,1.0,0.39,0.31,0.56,0.61,0.45,0.9,0.4,0.15,0.33,0.17,0.12,0.19,0.95,1.0,0.0,0.44,0.61,0.68,0.45,0.58,0.67,0.48,0.67,0.42,0.44,0.65,0.71,0.31,0.78,0.44,0.42,0.79,0.38,0.6,0.85,0.0,0.12,0.95,0.55,0.0,0.65,0.22,0.82,0.53,0.83,0.12,0.57,0.53,1.0,0.29,0.56,0.11,0.57,0.96,0.62,0.88,1.0,0.71,0.29,0.82,0.89,0.38,1.0,0.08,0.4,0.13,0.93,0.12,0.38,0.94,0.86,1.0,0.68,1.0,0.57,1.0,0.61,0.74,0.79,0.8,0.84,0.15,0.57,0.73,0.05,0.83,0.47,0.04,0.19,0.67,1.0,0.61,0.54,0.26,0.33,0.39,0.23,0.81,0.83,1.0,0.64,0.07,0.57,0.71,0.41,0.18,0.45,0.5,0.88,0.4,0.07,0.0,0.29,0.59,0.65,0.14,0.75,0.36,0.0,1.0,0.72,1.0,0.5,0.62,1.0,0.75,0.36,1.0,0.33,1.0,0.12,0.0,0.4,0.07,0.35,1.0,0.88,0.39,0.33,0.7,0.2,1.0,0.82,0.94,0.56,0.45,0.33,0.61,0.31,0.8,0.75,0.0,0.0,0.3,0.93,0.0,0.71,0.39,0.32,0.74,1.0,0.83,0.77,0.92,0.93,0.26,0.57,0.5,0.42,0.08,0.29,0.43,0.38,0.31,0.0,0.7,0.48,0.1,1.0,0.08,0.0,0.64,0.59,0.15,0.04,1.0,0.92,0.63,0.33,0.17,0.09,0.94,0.67,0.69,0.07,0.08,0.89,0.58,0.44,0.89,0.15,0.8,0.16,0.55,0.77,0.47,0.17,0.55,0.55,0.27,0.86,0.0,0.94,0.67,0.82,0.44,0.95,0.6,0.72,1.0,1.0,0.88,0.07,0.35,0.22,0.17,0.18,1.0,0.0,0.0,0.38,0.67,0.92,0.5,0.19,0.93,0.75,0.28,0.53,0.73,0.77,0.86,1.0,0.73,0.92,0.78,0.4,0.18,0.59,0.0,0.68,0.85,0.4,0.62,0.8,0.31,0.0,0.95,0.23,0.54,0.8,0.57,0.5
000007042670,0.75,1.0,0.54,0.2,0.33,0.92,0.71,0.5,0.82,0.88,0.5,0.5,0.82,1.0,0.25,0.6,0.25,0.57,0.62,0.33,0.8,0.62,0.67,0.69,0.2,0.8,1.0,0.7,0.1,0.67,1.0,1.0,1.0,0.15,0.25,0.17,1.0,0.43,0.09,0.6,0.36,0.8,0.88,0.0,0.0,0.67,0.6,0.64,0.83,0.88,1.0,0.9,0.64,0.93,0.0,0.4,0.88,0.5,0.0,0.38,0.88,0.0,0.56,0.11,0.55,0.75,0.19,0.4,0.0,0.43,0.5,0.08,0.56,0.42,0.83,0.71,,0.33,0.54,0.14,0.0,0.11,0.33,0.0,0.5,0.5,0.69,0.3,0.42,0.6,0.33,0.33,0.62,0.38,0.92,0.18,0.75,0.45,0.56,0.33,0.4,0.56,0.6,0.6,0.29,0.75,0.78,0.82,0.62,0.5,0.0,0.83,0.14,0.5,0.14,1.0,1.0,0.73,0.14,0.75,0.86,1.0,0.62,0.12,1.0,0.75,0.0,0.76,0.62,0.86,0.31,0.56,0.0,0.93,0.43,1.0,0.67,0.64,,0.83,0.64,0.2,0.38,0.0,0.7,0.33,0.83,1.0,0.0,0.57,1.0,1.0,0.17,0.27,0.17,0.54,0.6,0.4,0.53,0.5,1.0,0.2,0.5,0.7,1.0,1.0,0.42,0.8,0.86,0.0,0.08,0.8,0.46,0.11,1.0,0.17,0.92,0.23,1.0,0.0,0.56,0.6,0.95,0.42,0.47,0.5,0.93,0.91,0.82,1.0,1.0,1.0,0.45,0.77,1.0,0.27,0.89,0.12,0.09,0.11,1.0,0.31,0.38,0.6,0.44,0.91,0.62,1.0,0.5,0.54,0.62,1.0,0.8,0.43,0.54,0.17,0.88,0.95,0.0,0.86,0.09,0.29,0.0,0.62,0.75,0.36,0.53,0.33,0.36,0.54,0.0,1.0,0.94,1.0,0.8,0.33,0.5,0.62,0.8,0.3,1.0,0.45,0.91,0.71,0.12,0.0,0.14,0.94,0.8,0.12,1.0,0.5,0.0,1.0,0.73,1.0,0.53,0.87,0.91,1.0,0.0,1.0,0.25,1.0,0.2,1.0,0.33,0.33,0.6,1.0,0.8,0.46,0.5,1.0,0.67,0.89,1.0,1.0,0.71,0.3,0.7,0.78,1.0,0.75,0.8,0.0,0.25,0.17,0.91,0.08,0.77,0.6,0.64,0.44,1.0,0.92,0.7,1.0,1.0,0.19,0.67,0.71,0.6,0.2,0.27,0.86,0.33,0.06,0.29,0.75,0.27,0.06,1.0,0.0,0.0,0.3,0.75,0.3,0.0,0.9,1.0,0.62,0.08,0.12,0.4,0.73,0.33,0.53,0.09,0.24,0.88,0.62,0.89,0.78,0.73,0.78,0.15,0.36,0.55,0.64,0.0,0.56,1.0,0.44,0.27,0.23,1.0,0.82,0.79,1.0,0.92,0.17,0.23,0.75,0.7,0.83,0.5,0.33,0.5,0.2,0.2,1.0,0.0,1.0,0.46,1.0,0.88,0.4,0.25,1.0,0.89,0.0,0.33,0.86,0.92,0.92,1.0,1.0,0.83,1.0,0.64,0.29,0.62,0.0,1.0,1.0,0.36,1.0,0.85,0.0,0.1,1.0,0.29,0.71,0.5,0.83,0.3
000007044630,0.88,0.64,0.36,0.38,0.14,1.0,0.25,0.38,0.64,1.0,0.5,0.4,0.77,0.86,0.0,0.58,0.69,1.0,0.73,0.0,0.6,0.6,0.67,0.61,0.46,1.0,1.0,1.0,0.14,0.0,0.86,0.67,1.0,0.12,0.29,0.0,1.0,0.14,0.6,0.78,0.38,0.6,1.0,0.4,0.67,0.33,0.43,0.6,0.69,0.44,1.0,0.91,0.36,0.89,0.0,0.4,0.5,0.5,0.0,0.1,0.5,0.0,0.29,0.5,0.43,1.0,0.45,0.5,0.5,0.5,0.14,0.29,0.2,0.29,0.67,0.29,,0.29,0.62,0.5,0.22,0.25,0.0,0.0,0.83,0.86,0.6,0.0,0.47,0.14,0.25,0.29,0.64,0.6,1.0,0.6,0.8,0.56,0.44,0.53,0.62,0.92,0.73,0.56,0.22,0.0,0.67,0.64,0.75,0.36,0.0,1.0,0.0,0.67,0.1,1.0,1.0,0.33,0.25,0.5,1.0,0.89,0.75,0.33,0.0,0.25,0.0,0.93,0.5,0.75,0.38,0.5,0.0,0.82,0.45,0.67,0.9,1.0,0.0,1.0,0.38,0.14,0.4,0.25,0.33,0.5,0.82,1.0,0.0,0.5,1.0,0.71,0.0,0.0,0.33,0.67,0.5,0.27,0.33,0.71,0.88,0.0,0.56,0.33,0.88,0.57,0.54,0.94,0.93,0.0,0.29,0.75,0.91,0.0,0.91,0.12,0.6,1.0,1.0,0.27,0.75,0.8,1.0,0.25,0.75,0.0,0.82,0.91,0.86,0.71,1.0,0.8,0.55,0.57,0.8,0.43,0.69,0.0,0.0,0.08,1.0,0.23,0.44,1.0,0.61,0.4,0.85,0.83,0.43,0.67,0.78,0.77,0.89,0.45,0.77,0.0,0.72,1.0,0.0,0.75,0.17,0.0,0.15,0.52,0.88,0.38,0.45,0.67,0.36,0.7,0.0,0.67,0.67,1.0,0.12,0.75,0.33,0.82,1.0,0.58,0.55,0.71,0.89,0.4,0.18,0.07,0.33,0.55,0.6,0.27,1.0,0.67,0.08,0.89,0.4,1.0,0.25,0.44,1.0,0.92,0.5,1.0,0.67,1.0,0.07,0.67,0.12,0.0,0.67,0.94,0.33,0.22,0.67,0.93,0.5,0.88,0.67,1.0,0.65,0.0,0.58,0.33,0.0,0.22,0.85,0.07,0.0,0.33,0.71,0.08,0.64,0.75,0.44,0.82,1.0,0.79,1.0,1.0,1.0,0.62,0.0,0.88,0.67,0.33,0.31,0.5,0.56,0.38,0.0,0.2,0.07,0.0,1.0,0.0,0.33,0.8,0.29,0.4,0.0,1.0,0.94,0.33,0.3,0.07,0.0,0.82,0.5,0.64,0.0,0.07,0.75,0.88,0.33,1.0,0.33,0.73,0.0,0.71,0.56,0.5,0.0,0.17,0.5,0.2,0.62,0.0,1.0,0.77,0.8,0.8,0.67,0.42,0.47,0.43,0.25,0.67,0.62,0.5,0.14,0.4,0.23,1.0,0.12,0.0,0.0,1.0,1.0,0.25,0.38,0.75,0.64,0.43,0.71,0.91,0.79,0.56,0.86,1.0,0.71,0.92,0.71,0.0,0.17,0.0,0.9,0.88,0.4,0.75,0.91,1.0,0.0,1.0,0.23,0.25,0.54,0.75,0.27
000007045200,0.82,0.83,0.33,0.17,0.29,1.0,0.83,0.73,0.8,1.0,0.33,0.0,0.73,1.0,0.17,0.67,0.83,0.62,0.7,0.0,0.29,0.4,0.38,0.5,0.22,0.88,0.93,0.85,0.2,0.0,0.92,0.91,1.0,0.08,0.13,0.3,0.82,0.09,0.46,1.0,0.1,0.38,0.86,0.5,1.0,0.2,0.38,0.44,0.38,0.82,1.0,0.54,0.15,0.88,0.06,0.6,0.64,0.15,0.0,0.5,0.73,0.0,0.4,0.0,0.64,1.0,0.25,0.25,0.4,0.5,0.18,0.27,0.83,0.58,0.69,0.64,1.0,0.57,0.22,0.1,0.0,0.56,0.29,0.0,0.33,0.85,0.6,0.0,0.36,0.47,0.0,0.25,0.81,0.42,1.0,0.4,0.91,0.56,0.29,0.43,0.5,0.85,0.5,0.7,0.33,0.5,0.6,0.42,0.6,0.75,0.0,0.67,0.12,0.5,0.0,0.93,1.0,0.83,0.4,0.33,1.0,0.91,0.92,0.4,0.71,0.4,0.12,0.88,0.43,0.88,0.5,0.13,0.33,0.86,0.44,0.0,0.88,0.67,0.0,1.0,0.33,0.14,0.33,0.0,0.62,0.57,0.85,1.0,0.0,0.78,0.89,0.8,0.5,0.0,0.29,0.78,0.36,0.1,0.12,0.71,1.0,0.0,0.15,0.56,0.89,0.8,0.33,0.91,0.75,0.36,0.33,0.75,0.5,0.08,0.91,0.2,0.8,0.56,0.89,0.0,0.44,0.82,1.0,0.27,0.57,0.17,0.58,0.94,0.58,0.67,0.91,0.88,0.38,0.86,1.0,0.55,0.94,0.2,0.0,0.08,0.9,0.08,0.23,0.78,0.62,0.89,0.33,1.0,0.4,0.75,0.5,0.71,0.94,0.67,0.8,0.0,0.83,1.0,0.0,0.7,0.5,0.25,0.09,0.61,1.0,0.36,0.38,0.11,0.2,0.27,0.18,1.0,0.71,1.0,0.14,0.57,0.62,1.0,0.91,0.75,0.44,0.7,0.75,0.67,0.14,0.19,0.18,0.5,0.55,0.29,0.88,1.0,0.0,0.9,0.92,0.94,0.46,0.86,1.0,0.9,0.44,0.67,0.75,1.0,0.13,0.67,0.75,0.2,0.29,1.0,0.25,0.29,0.4,0.95,1.0,0.92,0.75,1.0,0.91,0.17,0.88,0.83,1.0,0.67,1.0,0.0,0.17,0.25,0.8,0.11,0.78,0.27,0.57,0.5,0.8,0.88,0.85,0.83,0.6,0.64,0.44,0.71,0.45,0.36,0.29,0.62,0.6,0.71,0.33,0.39,0.25,0.0,1.0,0.2,0.33,0.8,0.53,0.47,0.0,1.0,1.0,0.43,0.43,0.18,0.17,0.67,1.0,0.64,0.12,0.0,0.6,0.6,0.17,0.91,0.7,0.88,0.31,0.71,0.4,0.89,0.08,0.31,0.4,0.36,0.5,0.11,1.0,0.89,0.93,0.89,0.92,0.54,0.56,0.64,0.78,0.83,0.8,0.56,0.33,0.67,0.3,0.94,0.0,0.14,0.44,1.0,1.0,0.3,0.12,0.87,1.0,0.4,0.33,0.6,0.62,1.0,1.0,1.0,0.67,1.0,0.89,0.06,0.5,0.06,0.6,1.0,0.33,0.67,0.58,0.22,0.0,1.0,0.18,0.18,0.45,0.82,0.14
000007103280,0.69,0.92,0.23,0.0,0.0,0.6,0.73,0.69,0.73,0.73,0.38,0.2,0.67,0.9,0.0,0.4,0.58,0.5,0.58,0.0,0.25,0.75,0.82,0.8,0.08,0.89,1.0,0.92,0.2,0.0,0.44,1.0,1.0,0.0,0.17,0.17,1.0,0.12,0.58,0.85,0.36,0.52,0.62,0.53,0.75,0.18,0.45,0.56,0.83,0.67,0.95,0.83,0.12,0.71,0.17,0.21,0.58,0.4,0.12,0.32,0.85,0.1,0.5,0.4,0.47,1.0,0.28,0.5,0.06,0.21,0.28,0.0,0.43,0.13,0.73,0.44,0.0,0.5,0.42,0.18,0.09,0.23,0.55,0.07,0.9,0.62,0.5,0.07,0.5,0.4,0.1,0.0,0.71,0.62,0.82,0.14,0.67,0.62,0.27,0.44,0.33,1.0,0.65,0.45,0.28,0.33,0.4,0.76,0.12,0.44,0.0,0.75,0.23,0.44,0.0,1.0,0.82,0.31,0.17,0.22,0.95,1.0,0.71,0.5,0.67,0.36,0.12,0.7,0.64,0.15,0.22,0.0,0.07,0.89,0.41,0.08,0.57,0.55,0.0,0.85,0.45,0.2,0.3,0.0,0.64,0.58,1.0,0.88,0.0,0.6,0.78,0.89,0.29,0.15,0.22,0.67,0.22,0.0,0.08,0.57,0.7,0.19,0.33,0.5,0.72,1.0,0.06,0.83,1.0,0.22,0.38,1.0,0.41,0.0,0.67,0.17,0.6,0.38,0.92,0.0,0.29,0.92,1.0,0.5,0.33,0.0,0.58,1.0,0.5,0.58,0.9,0.62,0.27,0.62,0.8,0.62,0.77,0.07,0.0,0.22,0.92,0.12,0.36,1.0,0.35,0.61,0.6,0.93,0.12,0.88,0.5,1.0,0.67,0.33,0.89,0.0,0.73,1.0,0.0,0.58,0.63,0.0,0.0,0.68,0.71,0.39,0.8,0.29,0.33,0.69,0.08,0.55,0.73,0.5,0.44,0.38,0.3,0.78,0.78,0.62,0.56,0.39,0.93,1.0,0.13,0.12,0.13,0.33,0.55,0.33,1.0,1.0,0.0,0.73,0.75,0.77,0.83,0.86,0.67,0.73,0.0,0.0,0.5,0.94,0.08,0.5,0.36,0.06,0.22,1.0,0.22,0.42,0.62,0.93,0.6,1.0,1.0,0.88,0.69,0.2,0.43,0.18,0.38,0.48,0.92,0.12,0.44,0.25,0.54,0.22,0.71,0.64,0.5,0.68,0.92,1.0,0.83,0.33,0.86,0.25,0.0,0.7,0.5,0.08,0.27,0.44,0.6,0.12,0.0,0.58,0.2,0.05,1.0,0.0,0.25,0.75,0.0,0.33,0.08,0.85,0.9,0.27,0.13,0.06,0.05,0.91,0.35,0.5,0.12,0.13,0.67,0.83,0.13,0.88,0.5,0.85,0.09,0.62,0.4,0.71,0.08,0.18,0.21,0.12,0.67,0.21,1.0,0.73,0.62,0.47,0.45,0.5,0.81,0.55,0.5,0.93,0.25,0.25,0.17,0.33,0.25,1.0,0.0,0.0,0.39,0.83,1.0,0.38,0.0,0.73,0.5,0.17,0.22,1.0,0.75,0.64,1.0,1.0,0.5,1.0,0.53,0.22,0.62,0.09,0.67,1.0,0.17,0.58,0.94,0.07,0.12,1.0,0.0,0.71,0.3,0.57,0.0
000007141290,0.88,0.89,0.3,0.3,0.19,0.82,0.52,0.6,0.71,0.75,0.33,0.08,0.79,0.94,0.0,0.57,0.57,0.43,0.44,0.06,0.06,0.35,0.56,0.33,0.88,0.86,1.0,0.8,0.0,0.0,0.67,1.0,0.88,0.0,0.12,0.14,0.95,0.44,0.26,0.41,0.17,0.63,0.83,0.53,0.56,0.31,0.27,0.56,0.5,0.4,0.92,0.75,0.08,0.83,0.08,0.14,0.12,0.35,0.11,0.07,0.46,0.13,0.42,0.14,0.44,0.69,0.0,0.0,0.0,0.29,0.38,0.3,0.33,0.3,0.85,0.74,0.0,0.45,0.33,0.32,0.3,0.15,0.22,0.08,0.7,0.62,0.73,0.11,0.63,0.3,0.08,0.13,0.64,0.71,0.81,0.33,0.63,0.4,0.33,0.4,0.21,1.0,0.56,0.5,0.15,0.44,0.44,0.73,0.17,0.43,0.0,0.59,0.08,0.36,0.06,0.56,0.79,0.6,0.35,0.29,0.83,1.0,0.75,0.48,0.78,0.5,0.07,0.53,0.14,0.36,0.14,0.13,0.11,1.0,0.24,0.12,0.67,0.85,0.67,0.86,0.06,0.2,0.18,0.0,0.5,0.53,0.95,0.6,0.04,0.6,0.57,0.64,0.16,0.32,0.56,0.5,0.33,0.11,0.06,0.62,0.81,0.18,0.44,0.42,0.61,0.75,0.5,0.72,1.0,0.4,0.31,0.89,0.35,0.0,0.29,0.06,0.38,0.31,0.88,0.15,0.5,0.73,0.9,0.24,0.5,0.15,0.48,0.82,0.56,0.69,0.82,0.6,0.36,0.53,0.89,0.47,0.9,0.0,0.12,0.0,1.0,0.08,0.43,0.86,0.58,0.79,0.72,1.0,0.32,0.95,0.47,0.78,1.0,0.53,0.86,0.04,0.61,0.9,0.05,0.89,0.13,0.14,0.0,0.53,1.0,0.37,0.68,0.2,0.52,0.47,0.11,0.67,0.64,0.78,0.5,0.5,0.23,0.73,0.29,0.44,0.27,0.67,0.83,0.59,0.17,0.0,0.32,0.65,0.78,0.12,0.93,0.5,0.2,1.0,0.43,1.0,0.71,1.0,0.89,0.46,0.18,0.55,0.41,0.86,0.12,0.38,0.37,0.0,0.0,0.9,0.38,0.27,0.53,0.94,0.67,1.0,0.67,1.0,0.62,0.19,0.48,0.56,0.4,0.39,0.93,0.11,0.25,0.22,0.75,0.25,0.95,0.36,0.48,0.75,0.9,0.82,0.83,1.0,0.82,0.4,0.13,0.43,0.56,0.45,0.09,0.5,0.46,0.2,0.0,0.36,0.37,0.0,1.0,0.0,0.2,0.88,0.25,0.38,0.12,0.81,0.95,0.56,0.2,0.22,0.0,0.8,0.0,0.5,0.0,0.06,0.8,0.55,0.36,0.73,1.0,0.53,0.0,0.33,0.53,0.77,0.0,0.27,0.29,0.18,0.33,0.06,0.92,0.5,0.79,0.56,0.88,0.87,0.6,0.18,0.0,0.73,0.52,0.21,0.0,0.27,0.16,0.93,0.05,0.08,0.11,0.63,0.94,0.33,0.21,0.77,0.54,0.24,0.12,0.78,0.76,0.88,0.91,0.93,0.73,0.86,0.31,0.05,0.24,0.08,0.79,0.89,0.38,0.67,0.86,0.08,0.0,1.0,0.21,0.2,0.44,0.29,0.09
000007171690,0.71,0.89,0.4,0.41,0.1,0.95,0.83,0.67,0.86,0.67,0.47,0.03,0.88,0.94,0.07,0.59,0.81,0.44,0.42,0.0,0.15,0.47,0.48,0.54,0.76,0.97,1.0,1.0,0.16,0.0,0.6,0.86,0.96,0.04,0.33,0.06,0.94,0.28,0.38,0.59,0.29,0.78,0.63,0.47,0.53,0.23,0.38,0.42,0.23,0.5,1.0,0.68,0.06,0.87,0.03,0.23,0.32,0.29,0.0,0.15,0.69,0.06,0.28,0.12,0.76,0.72,0.43,0.17,0.0,0.65,0.49,0.5,0.3,0.23,0.75,0.62,0.0,0.18,0.41,0.52,0.09,0.26,0.22,0.08,0.48,0.41,0.63,0.15,0.44,0.24,0.12,0.28,0.53,0.71,0.79,0.45,0.76,0.44,0.38,0.3,0.33,0.9,0.48,0.59,0.26,0.48,0.73,0.98,0.21,0.54,0.0,0.65,0.32,0.25,0.07,0.91,1.0,0.54,0.42,0.47,0.76,0.98,0.65,0.47,0.52,0.5,0.24,0.97,0.48,0.42,0.34,0.33,0.06,0.89,0.15,0.05,0.86,0.97,0.5,0.96,0.34,0.27,0.46,0.08,0.3,0.25,0.97,0.74,0.04,0.5,0.64,0.61,0.26,0.3,0.49,0.56,0.54,0.41,0.15,0.77,0.78,0.03,0.56,0.34,0.64,0.69,0.46,1.0,0.86,0.21,0.14,0.86,0.59,0.03,0.61,0.18,0.78,0.44,0.94,0.14,0.39,0.77,0.97,0.31,0.43,0.03,0.75,0.95,0.74,0.82,0.77,0.7,0.29,0.48,0.89,0.56,0.72,0.0,0.12,0.06,0.91,0.16,0.12,1.0,0.74,0.57,0.88,1.0,0.47,0.93,0.45,0.79,0.83,0.36,0.93,0.04,0.49,1.0,0.0,0.77,0.49,0.0,0.06,0.58,0.96,0.52,0.5,0.24,0.51,0.41,0.17,0.85,0.62,0.94,0.24,0.52,0.56,1.0,0.28,0.53,0.26,0.58,0.82,0.32,0.16,0.0,0.58,0.45,0.94,0.39,0.85,0.86,0.0,0.91,0.4,1.0,0.52,0.58,0.89,0.59,0.19,0.77,0.5,0.92,0.14,0.21,0.39,0.13,0.21,1.0,0.32,0.29,0.26,0.98,0.45,0.95,0.78,0.96,0.62,0.12,0.44,0.66,0.42,0.27,0.96,0.16,0.12,0.1,0.81,0.11,0.95,0.57,0.25,0.65,0.81,0.79,0.97,0.89,0.92,0.35,0.06,0.56,0.34,0.34,0.26,0.72,0.3,0.16,0.1,0.47,0.57,0.0,0.95,0.05,0.17,0.83,0.22,0.1,0.08,0.96,0.97,0.31,0.19,0.27,0.1,0.94,0.68,0.75,0.07,0.03,0.63,0.67,0.57,0.77,0.69,0.71,0.04,0.62,0.46,0.85,0.0,0.17,0.3,0.34,0.62,0.0,0.96,0.76,0.72,0.69,0.73,0.67,0.83,0.58,0.41,0.9,0.43,0.23,0.07,0.51,0.12,0.98,0.0,0.07,0.21,0.86,0.96,0.38,0.42,0.76,0.75,0.12,0.54,0.72,0.62,0.73,0.82,0.88,0.85,0.97,0.58,0.2,0.53,0.24,0.89,0.94,0.31,0.56,0.82,0.33,0.04,0.97,0.09,0.21,0.61,0.47,0.14
000007171700,0.64,0.78,0.25,0.32,0.19,1.0,0.72,0.65,0.89,0.42,0.57,0.05,0.86,1.0,0.05,0.38,0.7,0.53,0.56,0.11,0.29,0.47,0.8,0.62,0.33,0.94,1.0,1.0,0.07,0.0,0.53,0.6,0.88,0.0,0.25,0.26,1.0,0.39,0.3,0.62,0.11,0.53,1.0,0.71,0.76,0.5,0.38,0.27,0.5,0.33,1.0,0.3,0.15,1.0,0.0,0.33,0.25,0.2,0.0,0.21,0.79,0.0,0.45,0.33,0.52,1.0,0.14,0.36,0.07,0.7,0.64,0.29,0.6,0.38,0.64,0.56,0.04,0.65,0.35,0.54,0.12,0.2,0.14,0.1,0.67,0.8,0.36,0.26,0.46,0.29,0.13,0.15,0.47,0.58,0.88,0.18,0.85,0.5,0.58,0.71,0.31,0.78,0.5,0.67,0.13,0.0,0.76,0.7,0.27,0.6,0.0,1.0,0.13,0.42,0.0,0.8,0.92,0.75,0.14,0.33,0.81,1.0,0.68,0.62,0.67,0.23,0.08,0.64,0.25,1.0,0.5,0.21,0.0,1.0,0.58,0.0,0.6,0.8,0.46,1.0,0.31,0.17,0.5,0.1,0.36,0.42,0.88,0.88,0.05,0.71,0.58,0.79,0.27,0.3,0.33,0.83,0.41,0.48,0.05,0.65,0.94,0.12,0.77,0.59,0.85,0.71,0.76,0.88,0.9,0.11,0.29,0.88,0.2,0.07,0.54,0.0,0.67,0.47,0.88,0.1,0.36,0.62,0.89,0.28,0.56,0.19,0.8,0.86,0.64,0.92,0.93,0.82,0.28,0.45,0.89,0.62,0.89,0.0,0.07,0.0,0.82,0.38,0.22,1.0,0.7,0.6,0.47,1.0,0.19,1.0,0.6,0.86,0.88,0.5,1.0,0.0,0.17,0.9,0.0,0.46,0.62,0.0,0.05,0.83,0.94,0.53,0.8,0.44,0.31,0.7,0.05,0.91,0.64,0.43,0.64,0.45,0.67,0.91,0.79,0.6,0.3,0.45,0.89,0.67,0.25,0.05,0.19,0.73,0.64,0.08,1.0,0.91,0.07,0.78,0.17,1.0,0.92,0.71,0.93,1.0,0.14,0.6,0.36,0.94,0.0,0.4,0.12,0.43,0.43,0.87,0.09,0.5,0.33,1.0,0.78,1.0,0.67,1.0,0.39,0.06,0.64,0.71,0.58,0.44,0.88,0.14,0.11,0.26,0.64,0.0,0.94,0.58,0.25,0.38,0.89,0.83,0.75,0.88,1.0,0.42,0.0,0.42,0.59,0.07,0.23,0.47,0.71,0.31,0.0,0.4,0.36,0.0,1.0,0.11,0.23,0.64,0.25,0.33,0.0,0.94,1.0,0.6,0.08,0.08,0.11,0.9,0.5,0.57,0.0,0.11,0.58,0.84,0.62,0.75,0.69,0.82,0.19,0.33,0.62,0.69,0.12,0.28,0.12,0.38,0.57,0.0,1.0,0.69,0.53,0.62,0.88,0.57,0.5,0.31,0.06,0.89,0.65,0.2,0.2,0.46,0.12,0.92,0.0,0.0,0.0,1.0,0.94,0.53,0.11,0.59,0.87,0.64,0.32,0.67,0.78,0.38,1.0,0.92,0.9,1.0,0.64,0.19,0.57,0.16,0.79,0.92,0.27,0.5,0.82,0.1,0.18,1.0,0.15,0.25,0.27,0.44,0.0
000007171710,0.84,0.85,0.26,0.3,0.16,0.91,0.52,0.45,0.79,0.62,0.33,0.0,0.77,0.8,0.0,0.5,0.5,0.62,0.45,0.0,0.34,0.56,0.55,0.73,0.38,1.0,1.0,0.96,0.35,0.0,0.7,0.81,1.0,0.0,0.23,0.4,0.97,0.2,0.44,0.7,0.32,0.69,0.76,0.41,0.48,0.15,0.43,0.35,0.43,0.79,1.0,0.64,0.41,0.94,0.06,0.29,0.29,0.32,0.0,0.15,0.52,0.03,0.34,0.33,0.53,0.91,0.34,0.33,0.2,0.63,0.34,0.3,0.32,0.25,0.61,0.3,0.0,0.13,0.22,0.39,0.24,0.07,0.03,0.03,0.5,0.56,0.43,0.09,0.38,0.32,0.09,0.11,0.73,0.7,0.82,0.47,0.64,0.69,0.33,0.32,0.35,0.83,0.77,0.25,0.41,0.53,0.47,0.67,0.14,0.5,0.0,0.67,0.09,0.24,0.0,0.66,0.96,0.31,0.19,0.44,0.91,1.0,0.8,0.42,0.2,0.38,0.03,0.88,0.2,0.5,0.62,0.32,0.08,0.76,0.62,0.0,0.7,0.76,0.1,0.88,0.57,0.21,0.57,0.04,0.55,0.53,0.85,0.79,0.0,0.5,0.76,0.83,0.15,0.14,0.4,0.81,0.5,0.32,0.38,0.7,0.85,0.29,0.59,0.64,0.71,0.86,0.55,0.89,0.95,0.12,0.42,0.89,0.54,0.0,0.63,0.21,0.71,0.19,0.74,0.15,0.4,0.74,0.94,0.28,0.62,0.13,0.77,0.97,0.84,0.64,0.74,0.64,0.47,0.62,0.73,0.62,0.83,0.03,0.18,0.27,1.0,0.25,0.26,1.0,0.41,0.68,0.8,1.0,0.24,0.86,0.32,0.76,0.85,0.73,0.97,0.0,0.41,1.0,0.0,0.73,0.41,0.0,0.1,0.58,0.83,0.55,0.41,0.29,0.35,0.35,0.15,0.88,0.56,0.5,0.16,0.43,0.44,0.95,0.64,0.56,0.19,0.48,0.91,0.46,0.26,0.0,0.28,0.53,0.68,0.16,0.85,0.69,0.09,0.67,0.44,1.0,0.84,1.0,0.78,0.8,0.07,0.61,0.68,0.86,0.0,0.09,0.37,0.62,0.36,0.97,0.42,0.33,0.39,1.0,0.56,0.92,0.75,0.96,0.37,0.19,0.57,0.44,0.39,0.5,0.8,0.2,0.12,0.28,0.4,0.12,0.75,0.48,0.41,0.62,0.62,0.93,0.69,1.0,0.86,0.38,0.11,0.75,0.61,0.32,0.17,0.55,0.39,0.17,0.09,0.27,0.44,0.0,1.0,0.0,0.33,0.93,0.38,0.26,0.13,1.0,0.94,0.4,0.31,0.29,0.1,0.97,0.3,0.37,0.0,0.0,0.84,0.78,0.63,0.88,0.38,0.61,0.17,0.5,0.62,0.58,0.0,0.47,0.52,0.32,0.53,0.0,0.97,0.83,0.58,0.86,0.75,0.77,0.54,0.6,0.44,0.71,0.48,0.47,0.18,0.28,0.18,0.96,0.11,0.0,0.2,0.75,0.97,0.28,0.18,0.78,0.88,0.25,0.27,0.76,0.56,0.78,0.77,0.91,0.95,0.96,0.59,0.18,0.32,0.12,0.7,0.95,0.24,0.73,0.82,0.21,0.0,1.0,0.1,0.44,0.6,0.55,0.32
000007171730,0.67,1.0,0.24,0.31,0.43,0.67,0.75,0.23,0.36,1.0,0.79,0.44,0.8,0.89,0.08,0.38,0.62,0.69,0.74,0.0,0.55,0.62,0.5,0.52,0.12,0.8,0.89,0.89,0.27,0.5,0.25,1.0,1.0,0.3,0.27,0.06,1.0,0.56,0.42,0.5,0.2,0.73,0.5,0.27,0.3,0.12,0.73,0.69,0.43,0.7,0.93,0.75,0.59,0.75,0.14,0.4,0.5,0.6,0.15,0.31,0.64,0.0,0.5,0.38,0.82,0.9,0.0,0.15,0.15,0.3,0.07,0.17,0.6,0.58,0.67,0.69,0.08,0.29,0.58,0.36,0.11,0.29,0.25,0.32,0.36,0.61,0.29,0.18,0.6,0.4,0.06,0.3,0.69,0.5,0.9,0.3,0.71,0.64,0.53,0.25,0.33,0.92,0.6,0.46,0.27,0.57,0.64,0.38,0.33,0.59,0.0,0.53,0.14,0.4,0.4,0.8,1.0,0.54,0.39,0.12,0.89,1.0,0.69,0.67,1.0,0.64,0.23,0.88,0.2,0.3,0.06,0.54,0.0,0.68,0.71,0.27,0.5,0.72,0.15,0.9,0.4,0.08,0.2,0.27,0.65,0.6,0.89,0.82,0.07,0.43,0.4,0.38,0.1,0.42,0.36,0.36,0.75,0.57,0.18,0.76,0.73,0.27,0.75,0.53,0.64,0.73,0.29,0.89,0.89,0.39,0.55,1.0,0.42,0.17,0.4,0.18,0.45,0.58,1.0,0.0,0.26,0.57,0.85,0.39,0.53,0.07,0.7,0.82,0.55,0.73,1.0,0.73,0.5,0.8,0.67,0.33,1.0,0.0,0.2,0.36,0.75,0.12,0.38,0.85,0.71,0.64,0.62,0.86,0.59,0.93,0.33,0.73,0.67,0.69,0.67,0.0,0.54,0.92,0.12,0.75,0.58,0.0,0.06,0.6,0.78,0.75,0.64,0.46,0.33,0.29,0.33,0.73,0.82,1.0,0.42,0.31,0.42,0.81,0.57,0.5,0.18,0.65,0.27,0.65,0.14,0.09,0.2,0.48,0.62,0.36,0.7,0.21,0.0,0.62,0.77,1.0,0.57,0.73,0.75,0.82,0.0,0.88,0.42,0.92,0.41,0.11,0.44,0.0,0.32,0.92,0.3,0.5,0.56,0.95,0.53,0.85,0.5,0.92,0.5,0.5,0.57,0.44,0.42,0.21,0.83,0.0,0.27,0.43,0.79,0.0,0.86,0.36,0.53,0.6,1.0,0.85,1.0,0.88,1.0,0.09,0.5,0.81,0.62,0.36,0.54,0.44,0.67,0.47,0.0,0.75,0.33,0.13,1.0,0.25,0.08,0.62,0.69,0.12,0.12,0.91,1.0,0.6,0.0,0.22,0.07,0.93,0.3,0.82,0.22,0.36,0.64,0.46,0.56,0.64,0.33,0.81,0.59,0.4,0.62,0.64,0.33,0.7,0.64,0.2,0.5,0.0,1.0,0.93,0.84,0.39,0.77,0.56,0.67,0.75,0.67,0.88,0.29,0.4,0.21,0.42,0.18,0.91,0.07,0.0,0.0,0.89,1.0,0.62,0.12,0.8,0.79,0.5,0.46,0.58,0.82,0.62,0.77,0.64,0.86,1.0,0.5,0.33,0.58,0.0,0.94,0.9,0.33,0.64,0.88,0.33,0.23,1.0,0.11,0.5,0.55,0.38,0.22
000007171740,0.94,0.89,0.41,0.52,0.15,0.57,0.62,0.35,0.5,0.5,0.28,0.06,0.82,0.59,0.0,0.71,0.62,0.62,0.61,0.08,0.41,0.78,0.41,0.28,0.48,0.86,1.0,0.87,0.25,0.0,0.44,0.85,0.94,0.13,0.15,0.27,0.89,0.25,0.4,0.63,0.21,0.79,0.72,0.21,0.25,0.12,0.4,0.65,0.22,0.74,1.0,0.83,0.23,0.92,0.13,0.2,0.54,0.57,0.08,0.09,0.4,0.0,0.5,0.23,0.72,0.7,0.26,0.23,0.05,0.32,0.29,0.4,0.5,0.38,0.44,0.38,0.05,0.05,0.35,0.19,0.19,0.07,0.11,0.0,0.57,0.42,0.49,0.1,0.3,0.3,0.15,0.05,0.56,0.6,0.81,0.3,0.67,0.43,0.31,0.5,0.28,0.86,0.41,0.28,0.25,0.27,0.85,0.71,0.43,0.45,0.0,0.8,0.0,0.38,0.13,0.88,0.96,0.36,0.1,0.33,0.91,1.0,0.56,0.36,0.63,0.62,0.08,0.84,0.05,0.63,0.37,0.4,0.06,1.0,0.17,0.12,0.79,0.84,0.25,0.92,0.16,0.27,0.41,0.17,0.43,0.32,0.87,0.75,0.06,0.26,0.52,0.5,0.38,0.44,0.35,0.53,0.46,0.38,0.36,0.6,0.86,0.1,0.52,0.58,0.53,0.57,0.45,0.75,0.86,0.31,0.25,0.96,0.58,0.0,0.59,0.3,0.75,0.33,0.91,0.15,0.42,0.4,0.95,0.39,0.46,0.08,0.7,0.93,0.83,0.64,0.84,0.44,0.64,0.5,0.88,0.5,0.87,0.04,0.11,0.08,0.74,0.17,0.12,1.0,0.65,0.62,0.71,1.0,0.59,0.75,0.44,0.81,0.85,0.67,0.83,0.0,0.54,1.0,0.04,0.88,0.36,0.05,0.21,0.44,0.72,0.5,0.61,0.56,0.43,0.42,0.24,0.75,0.88,0.45,0.28,0.22,0.31,0.92,0.61,0.48,0.56,0.35,0.72,0.76,0.12,0.0,0.32,0.63,0.75,0.18,0.84,0.77,0.0,0.89,0.25,1.0,0.46,0.82,0.88,0.61,0.25,0.44,0.38,0.88,0.0,0.33,0.56,0.17,0.58,0.88,0.45,0.1,0.47,0.93,0.62,0.88,0.57,0.94,0.64,0.21,0.75,0.69,0.27,0.28,1.0,0.03,0.03,0.32,0.64,0.23,0.67,0.46,0.41,0.45,0.74,0.88,0.93,0.75,1.0,0.42,0.12,0.62,0.48,0.33,0.33,0.55,0.45,0.2,0.17,0.48,0.43,0.12,0.87,0.26,0.09,0.85,0.32,0.15,0.06,0.94,0.97,0.58,0.17,0.12,0.03,0.95,0.27,0.67,0.0,0.2,0.75,0.62,0.59,0.83,0.44,0.73,0.36,0.55,0.5,0.6,0.19,0.18,0.41,0.17,0.52,0.04,0.96,0.67,0.84,0.8,0.83,0.41,0.5,0.48,0.23,0.85,0.35,0.32,0.12,0.41,0.05,0.97,0.07,0.05,0.06,0.84,1.0,0.39,0.11,0.47,0.58,0.22,0.28,0.81,0.57,0.68,0.87,0.88,0.94,0.96,0.64,0.32,0.25,0.04,0.86,0.84,0.28,0.67,0.94,0.11,0.0,0.97,0.0,0.44,0.75,0.38,0.26
000007171750,1.0,0.85,0.23,0.42,0.0,0.75,0.78,0.58,0.56,0.67,0.47,0.0,0.67,0.9,0.0,0.8,0.5,0.22,0.6,0.0,0.27,0.43,0.12,0.6,0.57,1.0,0.9,0.79,0.22,0.0,0.45,0.57,1.0,0.13,0.12,0.0,0.89,0.18,0.33,0.85,0.38,0.47,0.88,0.2,0.38,0.2,0.56,0.87,0.25,0.75,1.0,0.56,0.33,1.0,0.12,0.29,0.33,0.29,0.33,0.14,0.5,0.0,0.3,0.16,0.42,0.71,0.0,0.5,0.22,0.64,0.82,0.43,0.44,0.21,0.79,0.54,0.11,0.31,0.29,0.0,0.17,0.22,0.47,0.0,0.53,0.8,0.33,0.12,0.25,0.17,0.0,0.0,0.33,0.5,0.8,0.45,0.92,0.8,0.27,0.33,0.17,0.75,0.47,0.5,0.29,0.29,0.68,0.67,0.14,0.56,0.0,0.88,0.27,0.22,0.06,0.64,0.86,0.14,0.45,0.0,0.92,1.0,0.56,0.36,0.71,0.43,0.12,0.56,0.4,0.5,0.17,0.31,0.1,0.73,0.54,0.08,0.69,0.86,0.43,1.0,0.29,0.33,0.33,0.0,0.25,0.62,1.0,0.75,0.0,0.38,0.83,0.85,0.33,0.27,0.38,0.54,0.08,0.07,0.17,0.8,0.71,0.27,0.62,0.43,0.56,0.5,0.33,0.89,0.8,0.08,0.15,0.6,0.6,0.0,0.75,0.0,0.69,0.23,0.88,0.13,0.2,0.6,0.93,0.09,0.43,0.09,0.9,1.0,0.88,0.56,0.95,0.62,0.18,0.44,0.54,0.28,0.5,0.0,0.0,0.12,0.88,0.0,0.05,0.94,0.83,0.8,0.75,0.75,0.42,0.85,0.5,0.73,0.79,0.57,0.8,0.0,0.45,1.0,0.0,0.86,0.27,0.0,0.0,0.67,0.73,0.29,0.29,0.38,0.29,0.36,0.18,0.83,0.73,1.0,0.18,0.4,0.2,0.9,0.55,0.54,0.31,0.22,0.83,0.71,0.09,0.0,0.58,0.73,0.4,0.18,0.8,1.0,0.0,1.0,0.23,1.0,1.0,0.64,0.7,0.7,0.0,0.73,0.44,1.0,0.24,0.5,0.4,0.0,0.0,1.0,0.62,0.55,0.57,0.79,0.5,1.0,0.92,1.0,0.29,0.07,0.42,0.62,0.64,0.55,0.69,0.0,0.12,0.12,0.8,0.08,0.87,0.35,0.09,0.5,1.0,0.9,0.75,0.71,0.92,0.15,0.17,0.4,0.67,0.36,0.17,0.33,0.71,0.23,0.12,0.64,0.12,0.1,1.0,0.0,0.11,1.0,0.09,0.27,0.08,0.85,1.0,0.5,0.25,0.08,0.0,0.84,0.62,0.38,0.13,0.0,0.91,0.67,0.73,0.93,0.5,0.78,0.2,0.67,0.55,0.73,0.2,0.0,0.62,0.5,0.91,0.0,1.0,0.77,0.58,0.56,0.78,0.82,0.4,0.67,0.62,1.0,0.55,0.5,0.0,0.3,0.16,1.0,0.0,0.27,0.42,1.0,1.0,0.32,0.14,0.71,0.33,0.29,0.42,0.88,0.62,0.86,0.92,0.87,0.43,0.6,0.8,0.28,0.0,0.11,1.0,1.0,0.12,0.6,0.86,0.0,0.0,1.0,0.0,0.53,0.3,0.58,0.4
000007172340,0.81,0.78,0.4,0.41,0.24,0.93,0.62,0.48,0.59,0.72,0.19,0.0,0.68,0.9,0.0,0.44,0.44,0.58,0.43,0.0,0.27,0.4,0.75,0.52,0.65,0.89,1.0,0.81,0.22,0.1,0.6,0.68,0.91,0.1,0.15,0.11,0.89,0.23,0.57,0.63,0.41,0.49,0.82,0.56,0.57,0.12,0.5,0.55,0.38,0.6,0.98,0.57,0.38,0.76,0.1,0.09,0.48,0.26,0.02,0.09,0.62,0.12,0.66,0.21,0.26,0.65,0.35,0.3,0.0,0.45,0.24,0.19,0.61,0.15,0.66,0.5,0.09,0.51,0.3,0.4,0.17,0.34,0.14,0.07,0.47,0.53,0.31,0.17,0.48,0.34,0.06,0.09,0.57,0.32,0.87,0.33,0.5,0.55,0.35,0.39,0.41,0.77,0.46,0.47,0.27,0.44,0.72,0.72,0.43,0.36,0.0,0.79,0.18,0.21,0.08,0.69,0.88,0.38,0.34,0.32,0.96,0.97,0.66,0.48,0.44,0.48,0.31,0.78,0.48,0.23,0.46,0.36,0.02,0.59,0.33,0.03,0.89,0.83,0.63,0.85,0.42,0.35,0.52,0.12,0.42,0.55,0.89,0.85,0.0,0.44,0.67,0.7,0.37,0.25,0.28,0.42,0.37,0.24,0.09,0.59,0.78,0.11,0.65,0.54,0.69,0.68,0.54,0.83,0.79,0.24,0.18,0.66,0.3,0.03,0.6,0.07,0.66,0.52,0.84,0.03,0.31,0.68,0.94,0.11,0.46,0.13,0.62,1.0,0.69,0.73,0.83,0.62,0.52,0.6,0.81,0.43,0.74,0.0,0.08,0.06,0.85,0.09,0.22,0.94,0.61,0.39,0.48,1.0,0.26,0.94,0.6,0.68,0.89,0.66,0.93,0.0,0.31,0.96,0.06,0.78,0.21,0.1,0.06,0.63,0.94,0.51,0.76,0.32,0.52,0.59,0.06,0.92,0.68,0.54,0.32,0.53,0.47,0.87,0.44,0.33,0.14,0.47,0.85,0.43,0.22,0.07,0.22,0.7,0.59,0.15,1.0,0.53,0.12,0.91,0.43,1.0,0.64,0.82,0.67,0.8,0.14,0.64,0.24,0.75,0.18,0.36,0.5,0.09,0.2,1.0,0.38,0.27,0.16,0.89,0.52,0.96,0.76,1.0,0.46,0.07,0.31,0.47,0.39,0.31,0.83,0.04,0.11,0.24,0.76,0.39,0.97,0.45,0.36,0.77,0.71,0.9,0.74,0.78,0.89,0.37,0.0,0.46,0.44,0.31,0.28,0.44,0.69,0.21,0.12,0.3,0.31,0.03,1.0,0.03,0.19,0.93,0.29,0.39,0.1,1.0,0.98,0.53,0.24,0.22,0.03,0.82,0.24,0.58,0.04,0.03,0.78,0.62,0.67,0.79,0.53,0.83,0.12,0.39,0.53,0.56,0.05,0.35,0.45,0.39,0.62,0.0,1.0,0.77,0.76,0.8,0.82,0.44,0.41,0.25,0.11,0.81,0.6,0.31,0.19,0.18,0.18,0.9,0.06,0.1,0.13,0.74,0.97,0.27,0.19,0.7,0.68,0.3,0.22,0.67,0.63,0.86,0.97,0.93,0.78,0.91,0.29,0.23,0.73,0.26,0.81,1.0,0.51,0.6,0.67,0.12,0.04,0.96,0.09,0.39,0.6,0.48,0.18
000007175430,0.94,0.79,0.25,0.56,0.08,1.0,0.44,0.58,0.59,0.86,0.46,0.22,0.86,0.89,0.08,0.5,0.46,0.25,0.65,0.0,0.2,0.38,0.64,0.46,0.46,0.8,0.95,0.79,0.14,0.0,0.6,0.91,0.91,0.0,0.27,0.25,0.88,0.13,0.24,0.79,0.58,0.5,0.67,0.64,0.69,0.27,0.43,0.57,0.44,0.33,1.0,0.45,0.21,0.93,0.0,0.2,0.6,0.44,0.05,0.23,0.65,0.08,0.5,0.12,0.53,0.89,0.28,0.19,0.06,0.62,0.28,0.08,0.57,0.3,0.57,0.43,0.15,0.62,0.5,0.38,0.14,0.36,0.6,0.09,0.74,0.44,0.46,0.06,0.3,0.27,0.11,0.0,0.47,0.5,1.0,0.08,0.67,0.56,0.37,0.57,0.29,0.78,0.43,0.44,0.24,0.33,0.69,0.94,0.55,0.4,0.0,0.69,0.11,0.38,0.07,0.89,0.91,0.3,0.4,0.4,0.75,1.0,0.86,0.47,0.71,0.43,0.12,0.93,0.45,0.5,0.18,0.33,0.25,0.92,0.23,0.05,0.75,0.67,0.33,1.0,0.24,0.43,0.07,0.18,0.31,0.5,0.89,0.87,0.0,0.5,0.67,0.5,0.4,0.17,0.44,0.73,0.33,0.06,0.33,0.91,0.86,0.22,0.67,0.5,0.75,1.0,0.43,0.88,0.81,0.1,0.07,1.0,0.9,0.07,0.67,0.38,0.62,0.22,1.0,0.11,0.0,0.67,1.0,0.08,0.33,0.07,0.58,1.0,0.73,0.6,0.79,0.71,0.41,0.69,0.88,0.79,0.76,0.0,0.11,0.07,0.9,0.1,0.19,1.0,0.53,0.5,0.57,1.0,0.33,0.9,0.2,0.73,0.81,0.54,0.64,0.04,0.6,0.93,0.0,0.73,0.38,0.0,0.06,0.67,0.71,0.38,0.25,0.5,0.38,0.5,0.12,0.84,0.86,0.5,0.33,0.58,0.5,0.9,0.58,0.58,0.36,0.47,0.73,0.33,0.0,0.06,0.5,0.82,0.82,0.27,1.0,0.67,0.0,0.78,0.53,1.0,0.64,0.91,1.0,0.75,0.33,0.75,0.58,0.88,0.14,0.29,0.29,0.27,0.33,1.0,0.31,0.08,0.09,0.92,0.41,0.87,1.0,0.88,0.4,0.08,0.53,0.56,0.45,0.41,0.64,0.06,0.3,0.33,0.83,0.44,0.75,0.41,0.17,0.75,1.0,0.82,1.0,0.58,0.9,0.31,0.07,0.5,0.75,0.3,0.39,0.61,0.62,0.29,0.11,0.79,0.35,0.0,1.0,0.07,0.11,1.0,0.14,0.35,0.0,0.92,1.0,0.4,0.25,0.5,0.18,1.0,0.67,0.85,0.09,0.21,0.78,0.83,0.62,0.77,1.0,0.75,0.0,0.46,0.69,0.71,0.33,0.17,0.55,0.33,0.77,0.0,1.0,0.76,0.67,0.75,0.83,0.83,0.5,0.21,0.0,0.73,0.69,0.29,0.08,0.38,0.06,1.0,0.12,0.17,0.18,0.78,0.95,0.38,0.25,0.78,0.45,0.5,0.33,0.82,0.92,0.62,1.0,0.8,0.75,0.89,0.64,0.11,0.26,0.25,0.71,0.78,0.2,0.5,0.69,0.2,0.09,1.0,0.06,0.33,0.58,0.74,0.09
000007175440,0.91,0.88,0.67,0.42,0.47,0.9,0.65,0.88,0.57,0.85,0.18,0.22,0.6,0.92,0.05,0.63,0.65,0.5,0.83,0.0,0.1,0.5,0.45,0.5,0.58,0.81,1.0,0.86,0.08,0.65,0.45,0.89,1.0,0.16,0.12,0.08,0.94,0.13,0.14,0.56,0.44,0.65,0.61,0.43,0.81,0.58,0.41,0.64,0.33,0.52,1.0,0.71,0.36,0.85,0.1,0.29,0.54,0.56,0.22,0.45,0.5,0.05,0.62,0.11,0.7,0.93,0.05,0.53,0.0,0.67,0.38,0.71,0.5,0.33,0.71,0.62,0.05,0.29,0.32,0.48,0.74,0.43,0.28,0.19,0.55,0.74,0.4,0.11,0.37,0.21,0.07,0.25,0.42,0.61,0.88,0.0,0.86,0.56,0.38,0.11,0.53,0.79,0.29,0.29,0.16,0.31,0.79,0.9,0.38,0.43,0.0,0.89,0.14,0.54,0.0,1.0,0.94,0.64,0.35,0.2,0.57,1.0,0.77,0.85,1.0,0.65,0.14,0.91,0.36,0.75,0.28,0.41,0.08,0.95,0.43,0.07,0.74,0.68,0.17,1.0,0.29,0.16,0.3,0.07,0.28,0.67,0.9,0.94,0.0,0.62,0.74,0.74,0.36,0.17,0.29,0.52,0.45,0.27,0.33,0.8,0.8,0.0,0.8,0.47,0.84,0.79,0.72,0.92,1.0,0.1,0.23,0.91,0.88,0.0,0.76,0.25,0.75,0.62,0.93,0.0,0.3,0.5,0.93,0.5,0.46,0.0,0.54,1.0,1.0,0.8,0.81,0.9,0.5,0.61,0.94,0.77,0.86,0.09,0.0,0.28,0.87,0.23,0.27,0.95,0.57,0.45,0.73,1.0,0.22,0.72,0.83,0.78,0.73,0.33,0.88,0.0,0.56,1.0,0.0,0.56,0.22,0.05,0.12,0.59,0.92,0.64,0.5,0.28,0.52,0.57,0.2,0.62,0.83,0.94,0.21,0.71,0.29,0.76,0.56,0.69,0.18,0.5,0.53,0.65,0.0,0.26,0.19,0.72,0.65,0.24,0.95,0.56,0.05,0.84,0.6,0.95,0.52,0.95,0.77,0.75,0.16,0.56,0.6,0.95,0.06,0.58,0.47,0.17,0.29,0.95,0.41,0.3,0.57,0.85,0.36,1.0,0.78,1.0,0.62,0.11,0.59,0.77,0.18,0.53,0.87,0.05,0.2,0.11,0.75,0.53,0.79,0.46,0.38,0.61,0.92,0.88,0.86,1.0,0.93,0.22,0.38,0.44,0.41,0.19,0.32,0.42,0.86,0.21,0.06,0.73,0.25,0.04,1.0,0.05,0.14,0.85,0.36,0.17,0.05,0.95,1.0,0.6,0.27,0.14,0.11,0.89,0.43,0.47,0.0,0.08,0.78,0.62,0.38,0.79,1.0,0.75,0.17,0.56,0.42,0.57,0.04,0.2,0.67,0.43,0.67,0.0,1.0,0.69,0.53,0.77,0.78,0.71,0.84,0.86,0.76,0.91,0.52,0.33,0.0,0.36,0.04,0.94,0.24,0.11,0.2,0.96,1.0,0.45,0.4,0.83,0.63,0.3,0.43,0.52,0.75,0.86,0.86,0.95,0.88,0.85,0.5,0.11,0.52,0.07,0.89,0.89,0.33,0.56,0.88,0.35,0.22,1.0,0.1,0.35,0.46,1.0,0.43
000007175450,0.65,0.87,0.26,0.55,0.04,0.67,0.5,0.47,0.48,0.75,0.06,0.05,0.71,0.59,0.0,0.41,0.52,0.61,0.58,0.0,0.15,0.76,0.43,0.56,0.5,0.84,1.0,0.73,0.22,0.0,0.53,0.69,0.77,0.11,0.24,0.15,0.74,0.14,0.22,0.57,0.25,0.54,0.67,0.43,0.52,0.03,0.75,0.56,0.31,0.89,0.94,0.7,0.48,0.85,0.12,0.42,0.47,0.33,0.18,0.26,0.77,0.07,0.56,0.11,0.74,0.56,0.07,0.06,0.0,0.45,0.33,0.16,0.65,0.17,0.64,0.63,0.15,0.27,0.44,0.11,0.14,0.17,0.23,0.0,0.31,0.45,0.39,0.14,0.62,0.4,0.25,0.07,0.54,0.5,0.93,0.3,0.64,0.48,0.35,0.28,0.38,0.85,0.63,0.36,0.35,0.42,0.47,0.74,0.44,0.5,0.06,0.71,0.08,0.0,0.0,0.89,0.89,0.32,0.21,0.19,0.81,1.0,0.6,0.36,0.35,0.48,0.0,0.78,0.15,0.71,0.35,0.29,0.04,0.69,0.05,0.1,0.78,0.73,0.17,0.81,0.38,0.15,0.35,0.19,0.55,0.44,0.95,0.85,0.0,0.6,0.63,0.67,0.3,0.18,0.37,0.2,0.45,0.25,0.19,0.74,0.35,0.11,0.82,0.61,0.52,0.68,0.36,0.71,0.82,0.27,0.15,0.85,0.76,0.0,0.43,0.22,0.75,0.47,0.82,0.0,0.45,0.34,1.0,0.33,0.66,0.08,0.33,0.73,0.71,0.75,0.83,0.59,0.2,0.53,0.82,0.45,0.75,0.0,0.23,0.07,0.94,0.31,0.24,0.94,0.8,0.71,0.7,1.0,0.57,0.86,0.46,0.88,0.89,0.5,0.71,0.2,0.43,0.92,0.09,0.57,0.43,0.0,0.13,0.52,1.0,0.55,0.37,0.12,0.4,0.5,0.12,0.87,0.86,0.5,0.31,0.29,0.69,0.84,0.44,0.4,0.22,0.48,0.74,0.65,0.17,0.05,0.42,0.5,0.6,0.21,0.81,0.62,0.06,0.74,0.52,1.0,0.44,0.71,0.52,0.68,0.08,0.41,0.43,0.76,0.04,0.23,0.43,0.12,0.33,1.0,0.59,0.43,0.29,0.78,0.46,0.89,0.75,0.67,0.47,0.18,0.72,0.62,0.17,0.5,0.48,0.0,0.17,0.54,0.95,0.06,0.82,0.43,0.65,0.6,0.77,0.77,0.73,0.67,0.88,0.29,0.14,0.71,0.55,0.47,0.15,0.6,0.39,0.33,0.0,0.48,0.37,0.0,0.96,0.04,0.04,0.79,0.5,0.14,0.12,0.76,1.0,0.58,0.04,0.0,0.19,0.82,0.58,0.48,0.19,0.27,0.68,0.63,0.65,0.94,0.35,0.87,0.42,0.5,0.59,0.77,0.08,0.3,0.27,0.21,0.4,0.05,1.0,0.72,0.87,0.65,0.88,0.48,0.35,0.56,0.35,0.89,0.25,0.33,0.23,0.33,0.05,0.91,0.13,0.0,0.11,0.85,0.88,0.52,0.09,0.52,0.5,0.2,0.27,0.63,0.56,0.79,0.88,0.72,0.71,0.78,0.46,0.27,0.25,0.25,0.86,0.85,0.47,0.61,0.81,0.06,0.1,1.0,0.12,0.25,0.62,0.35,0.29
000007175470,0.78,0.81,0.28,0.38,0.19,0.8,0.86,0.62,0.65,0.68,0.33,0.16,0.73,0.68,0.0,0.54,0.63,0.62,0.75,0.0,0.44,0.33,0.44,0.47,0.26,0.85,0.97,0.76,0.25,0.25,0.47,0.64,0.89,0.0,0.1,0.23,0.95,0.41,0.33,0.71,0.21,0.52,0.74,0.73,0.74,0.21,0.5,0.64,0.42,0.6,1.0,0.54,0.15,0.88,0.06,0.22,0.59,0.61,0.23,0.5,0.57,0.14,0.52,0.23,0.38,0.95,0.31,0.38,0.03,0.35,0.42,0.18,0.44,0.21,0.5,0.55,0.0,0.4,0.35,0.06,0.08,0.15,0.4,0.06,0.55,0.59,0.46,0.14,0.21,0.47,0.0,0.12,0.57,0.39,0.9,0.33,0.95,0.74,0.39,0.48,0.29,0.5,0.48,0.12,0.38,0.27,0.47,0.64,0.19,0.59,0.0,0.5,0.0,0.43,0.0,0.83,0.95,0.5,0.38,0.22,0.85,1.0,0.58,0.68,0.29,0.41,0.11,1.0,0.43,0.57,0.52,0.61,0.12,0.71,0.44,0.07,0.71,0.88,0.36,0.81,0.5,0.38,0.36,0.0,0.52,0.52,0.92,0.81,0.05,0.47,0.62,0.58,0.15,0.11,0.26,0.52,0.35,0.33,0.2,0.62,0.76,0.14,0.48,0.71,0.69,0.74,0.48,0.76,0.86,0.27,0.31,1.0,0.75,0.05,0.85,0.21,0.78,0.33,1.0,0.06,0.65,0.69,0.92,0.31,0.36,0.18,0.69,0.94,0.63,0.56,0.89,0.83,0.52,0.64,0.91,0.52,0.78,0.0,0.0,0.12,1.0,0.09,0.23,0.96,0.57,0.65,0.62,0.97,0.28,0.87,0.38,0.86,0.89,0.36,0.79,0.0,0.54,0.94,0.0,0.79,0.32,0.09,0.04,0.5,0.85,0.35,0.22,0.28,0.48,0.46,0.19,0.82,0.73,0.39,0.19,0.38,0.3,0.88,0.64,0.65,0.26,0.46,0.95,0.79,0.26,0.11,0.25,0.66,0.83,0.27,0.92,0.94,0.0,0.67,0.5,1.0,0.8,0.83,0.81,0.73,0.1,0.46,0.5,0.91,0.17,0.44,0.46,0.2,0.3,0.88,0.18,0.33,0.57,0.86,0.74,0.88,0.74,0.96,0.46,0.33,0.59,0.56,0.27,0.35,0.67,0.0,0.13,0.17,0.55,0.23,0.75,0.47,0.41,0.43,0.81,0.7,0.69,0.78,1.0,0.42,0.37,0.55,0.43,0.47,0.18,0.52,0.52,0.21,0.0,0.36,0.09,0.0,1.0,0.16,0.21,0.9,0.33,0.27,0.07,1.0,0.91,0.52,0.16,0.33,0.0,0.91,0.58,0.47,0.06,0.11,0.62,0.7,0.5,0.86,0.5,0.85,0.22,0.48,0.54,0.6,0.18,0.4,0.36,0.5,0.58,0.18,1.0,0.54,0.59,0.85,0.81,0.68,0.57,0.72,0.41,0.81,0.53,0.35,0.13,0.31,0.06,1.0,0.0,0.08,0.18,0.86,0.92,0.5,0.14,1.0,0.64,0.48,0.5,0.83,0.65,0.62,0.86,0.9,0.81,0.96,0.62,0.16,0.21,0.29,0.79,0.75,0.5,0.57,0.81,0.36,0.0,1.0,0.15,0.33,0.42,0.6,0.2
000027000110,0.23,1.0,0.0,0.33,0.5,0.9,0.0,0.0,0.0,1.0,0.0,0.33,0.08,0.5,0.0,0.25,0.09,0.64,0.53,0.0,1.0,1.0,0.0,0.33,0.05,0.0,0.89,0.38,0.5,0.12,0.64,0.33,0.82,0.0,0.15,0.0,0.5,0.19,0.3,0.83,0.12,0.62,0.25,0.0,0.0,0.0,0.75,0.86,0.11,0.77,0.91,0.0,0.29,0.09,0.0,0.09,0.8,0.78,0.0,0.45,0.0,0.0,0.54,0.1,0.33,1.0,0.0,0.22,0.0,0.1,0.09,0.0,0.73,0.0,0.25,0.67,,0.0,0.56,0.07,0.0,0.17,0.17,0.38,0.0,0.67,0.0,0.38,0.33,0.56,0.2,0.43,0.33,0.14,0.5,0.0,0.0,0.53,0.71,0.07,0.67,0.08,0.15,0.2,0.0,0.14,0.0,0.0,0.67,0.67,0.0,0.07,0.0,0.17,0.0,0.93,1.0,0.0,0.0,0.0,1.0,0.71,0.42,0.0,1.0,0.9,0.0,0.8,0.0,0.92,0.12,0.89,0.1,0.17,0.0,0.42,0.67,0.5,0.0,0.25,0.73,0.0,0.5,0.2,0.33,0.33,0.31,0.93,0.0,0.08,0.6,0.4,0.22,0.0,0.08,0.11,0.58,0.36,1.0,0.4,0.28,0.0,0.11,0.85,0.6,0.89,0.0,0.56,0.14,0.11,0.4,0.82,0.6,0.33,0.45,0.0,0.64,1.0,0.6,0.0,0.4,0.2,0.33,0.45,0.15,0.0,0.0,0.14,0.0,0.75,0.73,0.88,0.7,0.89,0.43,0.0,0.8,0.17,0.08,0.6,0.85,0.5,0.17,1.0,0.15,0.9,0.17,1.0,0.6,0.0,0.25,1.0,0.25,0.4,0.0,0.0,0.83,0.36,0.14,0.43,0.12,0.0,0.1,0.38,0.11,0.75,0.67,0.45,0.0,0.29,0.25,0.0,1.0,0.89,0.33,1.0,0.53,0.2,0.33,0.4,1.0,0.27,0.25,1.0,0.0,0.0,0.0,0.0,0.1,0.0,0.5,1.0,0.0,0.6,0.67,0.83,0.0,0.5,0.56,0.6,0.0,0.62,0.0,1.0,0.18,0.0,0.08,0.0,0.25,0.3,0.42,1.0,0.94,0.44,0.67,0.94,0.33,0.2,0.75,0.22,0.68,0.38,0.0,0.22,0.33,0.12,0.36,0.55,0.78,0.0,0.11,0.07,0.7,0.09,0.4,0.5,0.44,0.57,0.83,0.2,0.64,0.86,0.57,0.22,0.07,0.4,0.1,0.57,0.0,1.0,0.12,0.15,0.2,0.23,0.0,0.83,0.47,0.12,0.0,0.47,0.45,0.4,0.17,0.0,0.5,0.75,0.33,0.13,0.38,0.12,0.56,0.11,0.0,1.0,0.2,1.0,0.14,0.08,0.25,0.27,0.21,0.33,0.12,0.0,0.0,0.18,0.42,0.8,0.92,0.6,0.83,0.21,0.11,0.55,0.67,0.2,0.0,0.0,0.14,0.0,0.29,0.78,0.45,0.0,0.22,0.38,0.42,0.62,0.0,0.3,0.5,0.0,0.5,0.71,0.88,0.8,0.4,0.88,0.64,0.83,0.11,0.27,0.38,0.17,0.43,0.2,0.5,0.38,0.83,0.0,0.0,0.5,0.33,0.5,0.44,0.0,0.29
000027000130,0.41,1.0,0.1,0.29,0.25,0.93,0.06,0.0,0.56,1.0,0.11,0.73,0.14,0.3,0.0,0.31,0.05,0.68,0.64,0.22,1.0,0.79,0.0,0.4,0.1,0.43,1.0,0.0,0.33,0.0,0.53,0.29,0.75,0.2,0.04,0.05,0.6,0.29,0.17,0.52,0.12,0.59,0.0,0.0,0.08,0.0,0.53,0.52,0.11,0.74,0.81,0.09,0.2,0.29,0.11,0.36,0.7,0.89,0.08,0.52,0.0,0.14,0.62,0.6,0.0,0.78,0.0,0.0,0.0,0.08,0.5,0.0,0.73,0.0,0.15,0.4,0.8,0.0,0.54,0.07,0.15,0.27,0.0,0.23,0.14,0.58,0.0,0.12,0.45,0.67,0.29,0.45,0.74,0.45,0.45,0.09,0.46,0.46,0.5,0.18,0.44,0.16,0.11,0.0,0.29,0.36,0.14,0.38,0.56,0.67,0.0,0.25,0.0,0.27,0.65,0.84,0.94,0.0,0.14,0.12,0.81,1.0,0.53,0.14,1.0,0.93,0.0,0.92,0.0,0.56,0.11,0.75,0.0,0.44,0.0,0.67,0.72,0.62,0.36,0.27,0.36,0.05,0.14,0.19,0.44,0.71,0.41,1.0,0.0,0.14,0.0,0.25,0.12,0.1,0.05,0.0,0.59,0.44,0.5,0.21,0.29,0.0,0.0,0.73,0.54,0.8,0.0,0.67,0.36,0.47,0.3,0.89,0.67,0.22,0.36,0.18,0.83,0.4,0.33,0.0,0.6,0.22,0.17,0.64,0.0,0.0,0.29,0.29,0.24,1.0,0.32,0.89,0.62,0.88,0.17,0.0,0.95,0.13,0.08,0.2,1.0,0.46,0.39,0.82,0.0,1.0,0.17,0.95,0.65,0.08,0.6,0.89,0.92,0.78,0.07,0.61,0.5,0.4,0.4,0.22,0.35,0.0,0.0,0.21,0.21,0.65,0.37,0.2,0.06,0.3,0.21,0.4,1.0,1.0,0.38,0.2,0.59,0.41,0.5,0.24,0.75,0.65,0.18,0.71,0.33,0.05,0.12,0.19,0.18,0.0,0.6,0.71,0.05,0.67,0.85,1.0,0.07,0.57,0.46,0.9,0.13,0.89,0.0,0.4,0.19,0.0,0.28,0.0,0.67,0.17,0.85,0.6,0.8,0.3,0.73,1.0,0.45,0.09,0.82,0.67,0.68,0.6,0.67,0.36,0.69,0.19,0.2,0.69,1.0,0.0,0.17,0.3,0.54,0.05,0.0,0.5,0.18,0.83,0.0,0.48,0.61,0.92,0.84,0.46,0.0,0.29,0.14,0.5,0.06,0.92,0.11,0.23,0.12,0.14,0.05,0.4,0.8,0.0,0.6,0.11,0.57,0.43,0.0,0.04,0.22,0.87,0.0,0.0,0.22,0.28,0.85,0.42,0.0,0.82,0.29,0.85,0.38,0.33,0.5,0.0,0.59,0.77,0.33,0.0,0.0,0.16,0.47,0.79,1.0,0.58,0.87,0.15,0.15,0.82,0.64,0.28,0.0,0.2,0.4,0.0,0.4,0.31,0.19,0.0,0.45,0.87,0.33,0.6,0.0,0.44,0.53,0.0,0.0,0.63,0.87,0.7,0.6,0.87,0.65,0.89,0.14,0.5,0.8,0.0,0.9,0.25,0.74,0.81,0.64,0.15,0.56,0.69,0.18,0.41,0.5,0.11,0.53
000027000160,0.45,1.0,0.0,0.62,0.25,0.92,0.06,0.18,0.33,1.0,0.0,0.38,0.23,0.62,0.0,0.1,0.21,0.75,0.64,0.09,0.81,0.2,0.07,0.54,0.21,0.4,1.0,0.38,0.19,0.0,0.76,0.3,0.82,0.2,0.0,0.0,0.29,0.45,0.0,0.71,0.0,0.87,0.33,0.0,0.0,0.0,0.8,0.6,0.0,0.75,0.68,0.0,0.25,0.3,0.0,0.0,0.7,0.8,0.2,0.19,0.0,0.18,0.53,0.23,0.14,1.0,0.05,0.08,0.0,0.08,0.47,0.0,0.67,0.07,0.25,0.42,1.0,0.0,0.68,0.0,0.0,0.0,0.17,0.07,,0.64,0.0,0.24,0.37,0.5,0.5,0.55,0.62,0.0,0.0,0.0,0.4,0.46,0.5,0.09,0.5,0.35,0.0,0.0,0.41,0.56,0.2,0.4,1.0,0.56,0.0,0.25,0.0,0.0,0.2,0.92,0.94,0.0,0.08,0.0,0.81,0.88,0.31,0.1,1.0,0.62,0.0,0.86,0.0,0.56,0.2,0.69,0.0,0.5,0.0,0.6,1.0,0.71,0.29,0.47,0.47,0.0,0.0,0.09,0.28,0.38,0.53,1.0,0.11,0.0,0.0,0.33,0.23,0.22,0.0,0.0,0.71,0.43,0.55,0.5,0.4,0.33,0.0,0.19,0.71,0.77,0.0,0.45,0.73,0.46,0.4,0.82,0.5,0.14,0.71,0.0,0.92,0.43,0.65,0.0,0.5,0.25,0.38,0.6,0.17,0.0,0.38,0.38,0.08,0.92,0.29,1.0,0.73,0.87,0.62,0.0,0.71,0.0,0.17,0.0,1.0,0.2,0.14,0.94,0.18,0.8,0.62,0.83,0.39,0.15,0.5,0.86,1.0,0.54,0.09,0.07,0.62,0.3,0.07,0.6,0.29,0.0,0.1,0.24,0.25,0.69,0.71,0.5,0.0,0.69,0.17,0.41,0.91,0.92,0.25,0.25,0.62,0.33,0.45,0.12,0.57,0.55,0.08,0.69,0.2,0.0,0.25,0.05,0.0,0.0,0.44,0.88,0.0,1.0,0.9,1.0,0.18,0.29,0.6,0.75,0.0,1.0,0.0,0.75,0.23,0.0,0.2,0.5,0.6,0.64,0.67,0.73,0.31,0.71,0.58,1.0,0.0,0.29,0.62,0.53,0.88,0.83,0.29,0.5,0.67,0.13,0.5,0.64,0.79,0.0,0.23,0.07,0.53,0.29,0.4,0.27,0.08,0.81,0.67,0.14,0.8,1.0,0.8,0.4,0.25,0.2,0.11,0.6,0.0,0.91,0.0,0.07,0.42,0.0,0.09,0.6,0.75,0.0,0.11,0.24,0.6,0.62,0.0,0.0,0.3,0.94,0.17,0.12,0.08,0.21,0.92,0.62,0.1,1.0,0.25,1.0,0.14,0.44,0.67,0.36,0.17,0.58,0.4,0.27,0.1,0.08,0.85,0.6,0.69,0.54,0.93,0.07,0.06,0.78,0.6,0.67,0.1,0.0,0.33,0.0,0.0,0.6,0.14,0.17,0.25,0.79,1.0,0.44,0.0,0.38,1.0,0.0,0.2,0.46,0.7,0.55,0.5,0.71,0.53,0.92,0.12,0.26,0.67,0.0,0.71,0.36,0.75,0.8,0.58,0.18,0.6,0.56,0.18,0.47,0.56,0.11,0.57
000027000190,0.5,1.0,0.0,0.33,0.33,1.0,0.0,0.25,0.33,1.0,0.0,0.57,0.0,0.71,0.0,0.29,0.11,0.44,0.83,0.11,0.75,0.85,0.0,0.43,0.0,0.44,1.0,0.2,0.33,0.25,0.71,0.17,0.58,0.29,0.0,0.0,0.67,0.5,0.0,0.69,0.13,0.58,0.0,0.0,0.0,0.0,0.62,0.69,0.29,0.64,0.7,0.0,0.5,0.29,0.15,0.11,0.5,0.79,0.33,0.38,0.0,0.0,0.82,0.5,0.2,1.0,0.08,0.0,0.0,0.0,0.23,0.0,0.62,0.0,0.14,0.89,1.0,0.0,0.11,0.0,0.17,0.0,0.0,0.2,0.0,0.55,0.22,0.12,0.5,0.75,0.22,0.57,0.4,0.07,0.86,0.17,0.58,0.82,0.86,0.0,0.62,0.09,0.17,0.0,0.45,0.29,0.17,0.71,0.4,0.73,0.0,0.0,0.0,0.12,0.22,1.0,0.91,0.0,0.09,0.0,1.0,1.0,0.36,0.0,1.0,1.0,0.0,0.9,0.25,0.73,0.0,0.5,0.0,0.0,0.0,0.5,1.0,0.67,0.0,0.2,0.45,0.0,0.0,0.25,0.25,0.2,0.6,1.0,0.0,0.0,,0.36,0.33,0.25,0.18,0.27,0.8,0.33,0.36,0.6,0.18,0.2,0.0,0.5,0.67,0.7,0.0,0.43,0.56,0.5,0.44,0.82,0.25,0.22,0.57,0.11,1.0,0.54,0.4,0.08,0.0,0.25,0.73,0.5,0.18,0.0,0.11,0.29,0.0,1.0,0.5,1.0,0.54,0.71,0.8,0.1,0.5,0.11,0.33,0.33,1.0,0.2,0.64,1.0,0.23,0.69,0.18,1.0,0.54,0.06,0.17,1.0,0.27,0.86,0.0,0.0,0.2,0.44,0.33,0.4,0.42,0.0,0.23,0.36,0.33,0.55,0.64,0.6,0.0,0.44,0.38,0.38,1.0,1.0,0.62,1.0,0.23,0.2,0.75,0.23,0.69,0.33,0.27,1.0,0.71,0.0,0.17,0.0,0.1,0.0,0.29,0.56,0.0,0.67,0.86,1.0,0.0,0.33,0.33,0.82,0.0,0.83,0.07,0.67,0.29,0.12,0.0,0.22,0.5,0.0,0.5,0.44,0.76,0.5,0.56,0.88,0.0,0.15,0.67,0.12,0.5,0.33,0.33,0.36,0.2,0.08,0.67,0.86,1.0,0.0,0.38,0.0,0.6,0.1,0.15,0.75,0.11,0.75,0.33,0.27,0.7,0.9,0.88,0.4,0.08,0.33,0.25,0.33,0.0,0.92,0.27,0.0,0.1,0.07,0.11,0.11,0.67,0.0,0.33,0.89,0.62,0.23,0.0,0.0,0.17,1.0,0.5,0.22,0.42,0.31,0.67,0.3,0.17,1.0,0.0,1.0,0.33,0.83,0.5,0.33,0.25,0.5,1.0,0.12,0.0,0.17,0.71,0.7,1.0,0.6,0.96,0.0,0.06,0.5,0.57,0.33,0.0,0.7,0.43,0.0,0.09,0.56,0.38,0.0,0.62,0.56,0.3,0.2,0.11,0.25,0.69,0.0,0.0,0.77,0.62,0.67,0.4,1.0,0.62,0.8,0.0,0.3,0.67,0.0,0.85,0.0,0.67,0.75,0.77,0.17,0.43,0.7,0.2,0.64,0.71,0.5,0.43
000027005730,0.67,1.0,0.07,0.5,0.19,1.0,0.33,0.42,0.43,1.0,0.0,0.44,0.22,0.82,0.5,0.0,0.3,0.67,0.69,0.0,0.44,0.78,0.0,0.55,0.3,0.26,1.0,0.23,0.36,0.2,0.33,0.29,0.94,0.2,0.12,0.0,0.9,0.09,0.17,0.25,0.17,0.57,0.0,0.14,0.0,0.17,0.67,0.6,0.33,0.65,1.0,0.2,0.45,1.0,0.09,0.32,0.9,1.0,0.0,0.29,0.44,0.0,0.47,0.14,1.0,0.77,0.06,0.13,0.0,0.0,0.36,0.08,0.62,0.11,0.43,0.69,0.75,0.0,0.89,0.22,0.2,0.0,0.1,0.28,0.0,0.3,0.2,0.35,0.33,0.83,0.27,0.59,0.42,0.0,0.7,0.06,0.53,0.33,0.67,0.0,0.5,0.53,0.29,0.0,0.38,0.25,0.25,0.5,0.57,1.0,0.0,0.0,0.0,0.0,0.27,0.93,0.8,0.0,0.44,0.0,0.89,1.0,0.42,0.0,0.93,0.71,0.0,0.78,0.67,0.7,0.2,0.5,0.22,1.0,0.07,0.44,0.78,0.89,0.67,0.43,0.36,0.1,0.44,0.0,0.56,0.55,0.62,1.0,0.08,0.2,0.0,0.36,0.21,0.57,0.12,0.17,0.78,0.62,0.0,0.2,0.27,0.2,0.0,0.6,0.77,1.0,0.0,0.5,0.73,0.31,0.36,0.88,0.54,0.15,0.43,0.04,1.0,0.35,0.91,0.0,0.42,0.27,0.74,0.56,0.21,0.1,0.5,0.44,0.3,0.9,0.75,1.0,0.5,0.86,0.3,0.14,0.83,0.11,0.11,0.31,0.89,0.33,0.23,1.0,0.47,0.86,0.33,1.0,0.42,0.11,0.58,0.86,1.0,0.83,0.5,0.0,0.43,0.38,0.1,0.6,0.2,0.08,0.13,0.42,0.45,0.67,0.57,0.54,0.07,0.67,0.0,0.62,1.0,0.94,0.3,0.0,0.56,0.36,0.89,0.22,0.44,0.29,0.29,1.0,0.21,0.0,0.14,0.5,0.44,0.0,0.36,0.8,0.0,1.0,0.8,1.0,0.13,1.0,0.71,1.0,0.0,1.0,0.18,0.91,0.18,0.08,0.22,0.12,0.54,0.64,0.6,0.5,0.83,0.56,0.73,1.0,0.5,0.33,0.62,0.25,0.8,0.8,0.0,0.33,0.85,0.08,0.18,0.41,1.0,0.0,0.14,0.0,0.33,0.33,0.5,0.67,0.29,0.75,0.67,0.33,0.5,1.0,0.8,0.0,0.2,0.0,0.33,0.17,0.0,0.73,0.0,0.11,0.67,0.08,0.05,0.2,0.62,0.0,0.33,0.58,0.78,0.27,0.08,0.0,0.3,0.92,0.25,0.29,0.0,0.23,0.89,0.26,0.43,0.88,0.12,1.0,0.56,0.46,0.43,0.27,0.3,0.81,0.12,0.18,0.21,0.09,0.5,0.67,0.78,0.62,0.6,0.29,0.15,0.82,0.64,0.57,0.0,1.0,0.4,0.43,0.0,0.93,0.23,0.0,0.2,0.78,0.69,0.45,0.12,0.4,0.71,0.0,0.0,0.57,1.0,0.7,0.91,0.92,0.8,1.0,0.2,0.27,0.71,0.0,0.78,0.83,0.75,0.8,0.83,0.25,0.7,0.71,0.29,0.47,0.38,0.0,0.19
000027005740,0.57,0.93,0.0,0.38,0.14,0.82,0.0,0.0,0.5,1.0,0.08,0.14,0.4,0.75,0.5,0.22,0.0,0.73,0.85,0.1,0.8,0.89,0.07,0.47,0.08,0.63,1.0,0.23,0.11,0.0,0.57,0.43,0.67,0.25,0.0,0.13,0.8,0.4,0.41,0.76,0.06,0.58,0.38,0.0,0.0,0.0,0.55,0.57,0.33,0.62,0.75,0.05,0.33,0.42,0.06,0.09,0.5,1.0,0.0,0.31,0.4,0.29,0.5,0.5,0.33,0.86,0.06,0.09,0.0,0.11,0.12,0.07,0.56,0.0,0.55,0.77,1.0,0.29,0.6,0.0,0.0,0.14,0.0,0.23,0.25,0.58,0.31,0.0,0.44,0.64,0.08,0.75,0.25,0.22,0.0,0.09,0.5,0.25,0.5,0.12,0.44,0.62,0.1,0.0,0.5,0.33,0.33,0.14,0.56,0.36,0.0,0.0,0.0,0.0,0.67,0.62,1.0,0.08,0.17,0.0,0.84,0.75,0.54,0.2,1.0,0.88,0.0,0.92,0.0,0.62,0.07,0.8,0.0,0.4,0.07,0.25,0.68,0.7,0.33,0.67,0.67,0.11,0.0,0.17,0.55,0.42,0.54,1.0,0.0,0.0,0.0,0.43,0.5,0.0,0.17,0.2,0.82,0.89,0.2,0.44,0.31,0.2,0.18,0.67,0.73,1.0,0.0,0.91,0.67,0.36,0.33,0.88,0.36,0.0,0.78,0.0,0.88,0.48,0.82,0.06,0.85,0.1,0.64,0.5,0.0,0.0,0.2,0.35,0.25,1.0,0.57,1.0,0.69,0.94,0.44,0.0,0.56,0.12,0.2,0.25,0.89,0.21,0.45,1.0,0.15,0.86,0.33,1.0,0.45,0.0,0.5,0.94,0.88,0.4,0.2,0.0,0.75,0.5,0.0,0.55,0.5,0.0,0.0,0.45,0.26,0.85,0.5,0.4,0.0,0.42,0.1,0.38,0.95,1.0,0.2,0.33,0.45,0.24,0.58,0.04,0.65,0.83,0.25,0.67,0.62,0.0,0.0,0.2,0.23,0.0,0.33,1.0,0.0,1.0,0.47,1.0,0.08,0.5,0.38,0.69,0.0,0.89,0.2,0.75,0.14,0.2,0.07,0.0,0.43,0.3,0.54,0.56,0.6,0.6,0.5,1.0,0.0,0.17,0.69,0.4,0.85,0.5,0.25,0.25,0.17,0.0,0.2,0.78,0.89,0.0,0.38,0.07,0.57,0.43,0.27,0.53,0.25,0.9,0.6,0.21,0.91,1.0,0.62,0.22,0.26,0.14,0.33,0.5,0.0,0.82,0.22,0.36,0.83,0.27,0.0,0.62,0.57,0.0,0.5,0.4,0.9,0.56,0.0,0.0,0.36,0.44,0.25,0.2,0.14,0.22,1.0,0.44,0.11,1.0,0.4,1.0,0.2,0.0,0.43,0.56,0.0,0.62,0.25,0.0,0.0,0.18,0.36,0.7,0.86,0.59,0.67,0.19,0.0,0.73,0.8,0.64,0.0,0.5,0.09,0.0,0.0,0.71,0.28,0.0,0.1,0.9,0.62,0.29,0.0,0.55,0.58,0.0,0.0,0.71,0.71,0.95,0.5,1.0,0.44,1.0,0.33,0.4,0.5,0.0,0.8,0.25,0.33,0.75,0.91,0.23,0.67,0.83,0.29,0.24,0.18,0.0,0.62
000027005750,0.5,0.94,0.07,0.33,0.38,0.75,0.17,0.06,0.2,1.0,0.0,0.57,0.27,0.9,0.0,0.33,0.17,0.5,0.75,0.0,0.91,0.6,0.09,0.3,0.5,0.41,1.0,0.38,0.5,0.0,0.71,0.2,0.86,0.09,0.08,0.0,1.0,0.29,0.17,0.69,0.06,0.89,0.4,0.0,0.0,0.0,0.56,0.33,0.25,0.54,0.89,0.0,0.43,0.3,0.06,0.17,0.8,0.64,0.25,0.17,0.0,0.0,0.6,0.43,0.22,0.93,0.0,0.0,0.0,0.23,0.64,0.09,0.83,0.2,0.4,0.4,1.0,0.0,0.18,0.11,0.0,0.5,0.0,0.14,0.2,0.67,0.27,0.18,0.6,0.56,0.36,0.5,0.36,0.18,0.22,0.08,0.71,0.6,0.59,0.0,0.79,0.42,0.07,0.14,0.12,0.86,0.0,0.67,0.75,0.83,0.0,0.5,0.25,0.25,0.22,0.94,1.0,0.0,0.31,0.12,0.8,1.0,0.36,0.0,1.0,0.7,0.0,0.83,0.0,0.44,0.24,0.57,0.25,0.5,0.0,0.29,0.75,0.78,0.0,0.43,0.33,0.0,0.43,0.27,0.5,0.55,0.5,1.0,0.0,0.0,0.5,0.25,0.3,0.3,0.18,0.17,0.5,0.42,0.33,0.25,0.32,0.25,0.09,0.71,0.67,0.85,0.06,0.67,0.7,0.14,0.08,0.81,0.36,0.11,0.71,0.21,1.0,0.5,0.67,0.0,0.75,0.33,0.71,0.39,0.33,0.0,0.2,0.22,0.4,0.92,0.47,0.93,0.5,1.0,0.53,0.33,0.85,0.0,0.29,0.0,0.9,0.25,0.83,1.0,0.14,0.91,0.14,0.9,0.5,0.21,0.22,0.86,1.0,0.67,0.15,0.8,0.55,0.33,0.5,0.38,0.37,0.0,0.25,0.27,0.0,0.67,0.67,0.2,0.07,0.43,0.2,0.33,1.0,1.0,0.18,0.67,0.5,0.33,0.6,0.07,0.6,0.74,0.18,0.81,0.4,0.0,0.0,0.1,0.12,0.0,0.67,1.0,0.0,1.0,0.64,1.0,0.0,0.56,0.8,1.0,0.11,0.94,0.0,0.88,0.2,0.0,0.0,0.17,0.14,0.82,0.86,0.67,0.4,0.67,1.0,1.0,0.17,0.29,0.62,0.5,0.9,0.6,0.33,0.17,0.78,0.19,0.3,0.33,1.0,0.0,0.25,0.31,0.67,0.07,0.27,0.36,0.54,0.67,0.5,0.36,0.5,0.89,0.77,0.58,0.21,0.0,0.22,0.22,0.0,0.87,0.25,0.07,0.75,0.06,0.12,0.14,0.53,0.0,0.0,0.41,0.42,0.33,0.07,0.0,0.27,0.75,0.0,0.0,0.27,0.15,0.87,0.42,0.33,0.82,0.67,1.0,0.45,0.17,0.33,0.2,0.21,0.65,1.0,0.12,0.0,0.27,1.0,0.71,0.86,0.73,0.88,0.15,0.0,1.0,0.8,0.77,0.0,0.4,0.33,0.11,0.32,0.6,0.12,0.17,0.45,0.75,0.71,0.43,0.0,0.43,1.0,0.0,0.0,0.89,0.77,1.0,0.5,0.9,0.75,0.75,0.18,0.73,1.0,0.0,0.84,0.62,0.64,0.75,0.88,0.18,0.5,0.6,0.56,0.5,0.54,0.17,0.25
000027005760,0.5,0.94,0.12,0.5,0.0,1.0,0.0,0.08,0.12,1.0,0.0,0.33,0.25,0.86,0.5,0.13,0.27,0.69,0.77,0.11,0.75,0.8,0.0,0.22,0.12,0.67,1.0,0.44,0.36,0.25,0.6,0.14,0.85,0.25,0.0,0.2,0.83,0.35,0.25,0.88,0.0,0.72,0.09,0.0,0.0,0.0,0.85,0.46,0.31,0.71,0.4,0.14,0.2,0.6,0.1,0.44,0.71,1.0,0.0,0.38,0.0,0.33,0.46,0.43,0.33,0.9,0.0,0.0,0.0,0.0,0.43,0.0,0.83,0.2,0.14,0.58,0.5,0.0,0.47,0.16,0.11,0.36,0.0,0.4,0.29,0.5,0.25,0.47,0.5,0.57,0.25,0.27,0.6,0.17,0.38,0.0,0.47,0.36,0.7,0.0,0.36,0.36,0.26,0.2,0.32,0.5,0.12,0.41,0.67,0.45,0.0,0.0,0.0,0.0,0.33,1.0,1.0,0.0,0.23,0.0,0.86,0.93,0.46,0.0,1.0,0.67,0.0,0.8,0.5,0.64,0.31,0.73,0.11,0.4,0.1,0.38,0.78,0.38,0.22,0.62,0.67,0.11,0.17,0.31,0.8,0.5,0.5,1.0,0.0,0.33,,0.12,0.25,0.07,0.0,0.0,0.56,0.38,1.0,0.31,0.5,0.0,0.0,0.79,0.6,1.0,0.0,0.38,0.33,0.27,0.3,0.6,0.29,0.19,0.33,0.09,0.91,0.79,0.5,0.0,0.58,0.27,0.64,0.64,0.0,0.0,0.27,0.5,0.17,0.89,0.5,0.92,0.38,0.67,0.36,0.0,0.86,0.14,0.18,0.22,0.92,0.29,0.57,0.94,0.22,0.89,0.39,0.93,0.55,0.0,0.55,0.82,0.94,0.62,0.08,0.0,0.75,0.2,0.27,0.3,0.78,0.33,0.25,0.21,0.14,0.64,0.56,0.39,0.0,0.57,0.29,0.4,1.0,1.0,0.5,0.17,0.53,0.06,0.75,0.06,0.57,0.9,0.25,0.76,0.31,0.0,0.19,0.1,0.2,0.0,0.62,0.77,0.0,0.88,0.73,1.0,0.0,0.4,0.57,0.75,0.0,0.67,0.23,1.0,0.21,0.0,0.0,0.12,0.27,0.36,0.82,0.8,0.79,0.78,0.9,1.0,0.0,0.43,0.33,0.69,0.8,0.64,0.0,0.42,0.9,0.06,0.25,0.13,0.64,0.0,0.0,0.0,0.62,0.2,0.25,0.38,0.0,0.88,0.55,0.11,0.43,0.93,0.79,0.54,0.0,0.0,0.11,0.47,0.2,0.7,0.29,0.09,0.56,0.29,0.15,0.56,0.67,0.0,0.0,0.55,0.79,0.33,0.0,0.0,0.21,1.0,0.25,0.25,0.4,0.46,0.69,0.36,0.2,0.78,0.54,1.0,0.38,0.45,0.44,0.19,0.33,0.58,0.0,0.07,0.17,0.18,0.47,0.75,1.0,0.63,0.88,0.0,0.1,0.38,0.43,0.35,0.0,0.36,0.21,0.15,0.24,0.25,0.13,0.0,0.14,0.6,0.64,0.27,0.0,0.4,0.55,0.12,0.0,0.53,0.92,0.88,0.75,0.91,0.9,0.93,0.16,0.64,0.12,0.0,0.69,0.5,0.57,0.8,0.86,0.11,0.7,0.44,0.15,0.69,0.45,0.0,0.46
000027005770,0.43,0.94,0.05,0.27,0.33,1.0,0.06,0.17,0.75,1.0,0.18,0.69,0.29,0.57,0.2,0.25,0.56,0.61,0.6,0.0,0.5,0.68,0.08,0.2,0.26,0.24,0.9,0.48,0.53,0.42,0.64,0.38,0.93,0.27,0.0,0.0,0.68,0.62,0.32,0.75,0.15,0.44,0.42,0.12,0.0,0.0,0.58,0.52,0.33,1.0,0.96,0.0,0.29,0.59,0.04,0.33,0.75,0.7,0.09,0.35,0.0,0.23,0.67,0.88,0.3,0.79,0.0,0.22,0.0,0.24,0.2,0.06,0.82,0.26,0.35,0.61,0.75,0.22,0.5,0.27,0.2,0.09,0.0,0.27,0.5,0.71,0.05,0.27,0.53,0.6,0.16,0.7,0.62,0.35,0.5,0.0,0.65,0.83,0.5,0.11,0.81,0.32,0.18,0.0,0.64,0.54,0.36,0.56,0.62,0.4,0.0,0.15,0.2,0.09,0.4,0.94,1.0,0.12,0.12,0.0,0.84,1.0,0.93,0.12,1.0,0.71,0.0,0.81,0.33,0.65,0.05,0.92,0.17,0.57,0.09,0.39,0.76,0.7,0.0,0.44,0.5,0.05,0.38,0.14,0.3,0.52,0.67,1.0,0.07,0.5,1.0,0.62,0.37,0.09,0.17,0.36,0.65,0.65,0.4,0.33,0.72,0.16,0.1,0.48,0.58,0.93,0.07,0.65,0.73,0.69,0.19,0.95,0.59,0.38,0.64,0.41,1.0,0.58,0.79,0.0,0.53,0.36,0.79,0.58,0.3,0.17,0.42,0.46,0.17,0.85,0.86,0.92,0.41,0.91,0.47,0.0,0.94,0.23,0.18,0.32,0.84,0.36,0.42,1.0,0.19,0.85,0.27,0.96,0.8,0.29,0.68,1.0,0.76,0.79,0.33,0.0,0.81,0.9,0.37,0.77,0.44,0.18,0.0,0.56,0.07,0.61,0.59,0.62,0.06,0.52,0.25,0.58,1.0,1.0,0.22,0.25,0.45,0.43,0.5,0.22,0.61,0.57,0.5,0.92,0.47,0.09,0.47,0.12,0.14,0.0,0.62,0.5,0.0,1.0,0.71,1.0,0.19,0.53,0.76,0.73,0.12,0.67,0.32,0.93,0.23,0.18,0.22,0.0,0.33,0.71,0.69,0.4,0.75,0.67,0.62,0.96,0.13,0.65,0.74,0.5,0.53,0.54,0.25,0.45,0.7,0.06,0.35,0.44,1.0,0.0,0.44,0.21,0.58,0.3,0.75,0.47,0.42,0.76,0.78,0.17,0.74,0.87,0.96,0.3,0.08,0.12,0.12,0.79,0.0,0.88,0.16,0.19,0.57,0.38,0.0,0.27,0.52,0.0,0.25,0.52,0.7,0.53,0.0,0.0,0.21,0.8,0.33,0.3,0.55,0.16,0.91,0.5,0.55,1.0,0.54,1.0,0.31,0.58,0.74,0.23,0.17,0.71,0.2,0.0,0.24,0.15,0.25,0.73,0.89,0.62,0.95,0.12,0.18,0.81,0.85,0.4,0.0,0.4,0.13,0.27,0.21,0.85,0.18,0.17,0.38,0.6,0.89,0.57,0.2,0.73,0.82,0.47,0.1,0.33,0.86,0.84,0.84,1.0,0.76,0.9,0.27,0.47,0.58,0.18,0.93,0.56,0.6,0.43,0.93,0.25,0.69,0.86,0.25,0.42,0.75,0.5,0.25
000027005800,0.31,0.94,0.04,0.2,0.27,1.0,0.07,0.1,0.45,0.95,0.0,0.62,0.06,0.3,0.0,0.16,0.26,0.8,0.81,0.14,1.0,0.64,0.13,0.25,0.0,0.29,1.0,0.08,0.23,0.09,0.83,0.0,0.89,0.3,0.19,0.0,0.46,0.13,0.11,0.8,0.06,0.8,0.0,0.0,0.0,0.0,0.68,0.91,0.23,0.67,0.76,0.0,0.43,0.11,0.06,0.31,0.85,0.58,0.0,0.55,0.0,0.0,0.44,0.31,0.21,1.0,0.0,0.0,0.0,0.0,0.31,0.0,0.93,0.08,0.12,0.57,1.0,0.0,0.73,0.0,0.0,0.0,0.0,0.36,0.0,0.62,0.17,0.12,0.33,0.73,0.2,0.57,0.56,0.1,0.14,0.0,0.36,0.46,0.77,0.0,0.57,0.35,0.26,0.0,0.22,0.33,0.29,0.21,0.71,0.57,0.0,0.0,0.0,0.1,0.0,0.9,0.86,0.0,0.11,0.08,0.8,0.87,0.58,0.11,0.94,0.5,0.0,0.73,0.0,0.6,0.06,0.58,0.18,0.42,0.0,0.53,0.63,0.67,0.17,0.53,0.26,0.0,0.0,0.29,0.72,0.38,0.47,0.77,0.0,0.13,0.0,0.25,0.13,0.22,0.0,0.06,0.74,0.42,0.38,0.38,0.41,0.05,0.0,0.85,0.27,0.81,0.0,0.5,0.38,0.5,0.4,0.59,0.21,0.19,0.82,0.17,0.7,0.41,0.16,0.0,0.15,0.33,0.64,0.5,0.0,0.0,0.0,0.59,0.12,0.86,0.75,0.86,0.43,0.77,0.46,0.05,0.85,0.08,0.13,0.26,0.9,0.3,0.5,1.0,0.04,0.86,0.38,1.0,0.6,0.0,0.53,0.86,0.5,0.5,0.0,0.12,0.4,0.36,0.22,0.31,0.62,0.1,0.07,0.16,0.0,0.79,0.62,0.5,0.0,0.41,0.15,0.07,1.0,0.75,0.36,0.0,0.59,0.05,0.58,0.13,0.77,0.61,0.15,1.0,0.41,0.0,0.21,0.09,0.0,0.0,0.53,0.67,0.0,1.0,0.59,0.92,0.11,0.36,0.45,0.77,0.0,0.95,0.09,0.76,0.26,0.0,0.0,0.0,0.06,0.69,0.53,0.7,0.62,0.53,0.79,1.0,0.0,0.33,0.59,0.43,0.87,0.6,0.0,0.42,0.25,0.1,0.61,0.69,0.73,0.0,0.27,0.06,0.79,0.1,0.31,0.55,0.0,0.77,0.25,0.18,0.41,0.94,0.66,0.71,0.11,0.25,0.15,0.6,0.07,0.65,0.3,0.25,0.13,0.16,0.0,0.33,0.74,0.0,0.27,0.22,0.62,0.47,0.0,0.06,0.25,0.74,0.4,0.21,0.72,0.11,0.62,0.37,0.0,0.84,0.4,0.93,0.32,0.18,0.21,0.21,0.18,0.53,0.08,0.0,0.05,0.0,0.69,0.83,0.73,0.72,0.81,0.06,0.04,0.5,0.44,0.15,0.0,0.38,0.39,0.0,0.37,0.57,0.23,0.0,0.33,0.76,0.5,0.18,0.0,0.12,0.43,0.05,0.1,0.68,0.8,0.93,0.47,0.92,0.47,0.93,0.0,0.5,0.41,0.0,0.82,0.43,0.71,0.64,0.94,0.13,0.17,0.38,0.24,0.8,0.57,0.11,0.38
000027005810,0.64,1.0,0.07,0.25,0.2,1.0,0.2,0.0,0.0,1.0,0.29,0.54,0.17,0.67,0.12,0.0,0.27,0.75,0.57,0.11,0.91,0.38,0.0,0.07,0.0,0.86,0.96,0.46,0.4,0.14,0.58,0.57,0.82,0.33,0.0,0.0,1.0,0.1,0.21,0.0,0.31,0.81,0.12,0.0,0.0,0.0,0.67,0.67,0.33,0.88,0.75,0.07,0.0,0.11,0.17,0.17,0.86,0.88,0.0,0.44,0.0,0.0,0.5,0.4,0.29,0.94,0.1,0.1,0.0,0.15,0.33,0.0,0.82,0.14,0.22,0.57,0.5,0.09,0.43,0.0,0.22,0.0,0.0,0.2,0.1,0.47,0.05,0.11,0.5,0.58,0.4,0.44,0.75,0.0,0.33,0.18,0.62,0.5,0.5,0.0,0.55,0.38,0.17,0.11,0.45,0.2,0.09,0.29,0.44,0.75,0.0,0.0,0.0,0.33,0.09,1.0,1.0,0.0,0.11,0.0,0.88,1.0,0.4,0.15,0.93,0.92,0.0,0.81,0.0,0.62,0.14,0.36,0.18,0.2,0.0,0.5,0.79,0.64,0.0,0.29,0.44,0.0,0.14,0.14,0.56,0.5,0.5,1.0,0.0,0.09,0.14,0.22,0.06,0.3,0.25,0.18,0.31,0.53,0.53,0.75,0.18,0.12,0.09,0.83,0.57,0.77,0.0,0.58,0.5,0.44,0.25,0.86,0.5,0.29,0.25,0.0,1.0,0.59,0.79,0.0,0.73,0.18,0.8,0.25,0.0,0.0,0.2,0.39,0.17,0.83,0.1,0.89,0.6,1.0,0.57,0.2,0.85,0.12,0.0,0.3,0.93,0.38,0.62,0.75,0.27,0.83,0.36,1.0,0.64,0.0,0.36,1.0,0.67,0.69,0.12,0.25,0.1,0.64,0.17,0.33,0.37,0.0,0.15,0.33,0.0,0.67,0.43,0.39,0.14,0.32,0.29,0.33,1.0,0.92,0.19,0.0,0.5,0.2,0.5,0.25,0.78,0.64,0.37,1.0,0.71,0.0,0.06,0.0,0.0,0.0,0.71,0.6,0.0,0.5,0.5,1.0,0.0,0.43,0.92,0.58,0.12,0.82,0.0,0.83,0.25,0.0,0.25,0.0,0.43,0.56,0.74,0.6,0.58,0.88,0.89,0.93,0.0,0.14,0.67,0.42,0.94,0.8,0.25,0.38,0.5,0.0,0.22,0.5,1.0,0.0,0.09,0.12,0.8,0.5,0.2,0.3,0.53,0.5,0.86,0.08,0.43,1.0,0.9,0.5,0.14,0.67,0.24,0.47,0.0,0.87,0.2,0.1,0.17,0.0,0.0,0.36,0.4,0.0,0.14,0.55,0.8,0.5,0.0,0.0,0.4,0.91,0.0,0.2,0.18,0.0,0.82,0.31,0.0,0.83,0.8,1.0,0.22,0.33,0.67,0.23,0.2,0.5,0.33,0.0,0.38,0.38,0.43,0.6,0.71,1.0,0.88,0.12,0.25,1.0,0.56,0.43,0.0,0.38,0.25,0.0,0.0,0.54,0.25,0.0,0.4,0.9,0.45,0.38,0.0,0.14,0.64,0.0,0.0,0.5,0.89,1.0,0.78,0.73,1.0,0.69,0.17,0.14,0.45,0.0,0.88,0.14,0.6,0.62,0.92,0.33,0.71,0.56,0.33,0.4,0.58,0.0,0.67
000027005820,0.4,0.92,0.0,0.2,0.36,0.88,0.09,0.0,0.12,0.95,0.0,0.5,0.22,0.52,0.0,0.0,0.24,0.6,0.74,0.0,0.64,0.69,0.18,0.12,0.19,0.56,1.0,0.14,0.33,0.0,0.56,0.0,0.7,0.09,0.0,0.11,0.82,0.21,0.11,0.9,0.12,0.5,0.43,0.0,0.0,0.0,0.69,0.75,0.0,0.75,0.44,0.0,0.5,0.75,0.0,0.22,0.85,0.76,0.17,0.75,0.0,0.12,0.5,0.44,0.15,1.0,0.0,0.05,0.0,0.14,0.6,0.29,0.73,0.0,0.2,0.54,,0.0,0.38,0.0,0.2,0.22,0.0,0.27,0.4,0.62,0.05,0.05,0.56,0.56,0.25,0.86,0.75,0.06,0.07,0.12,0.31,0.64,0.56,0.0,0.5,0.39,0.13,0.11,0.21,0.25,0.4,0.23,0.71,0.62,0.0,0.0,0.14,0.0,0.27,0.95,0.93,0.11,0.1,0.0,0.85,0.69,0.25,0.17,0.94,0.62,0.0,0.69,0.0,0.79,0.0,0.6,0.06,0.56,0.0,0.25,0.64,0.7,0.33,0.45,0.47,0.0,0.11,0.25,0.42,0.56,0.31,1.0,0.0,0.12,1.0,0.38,0.0,0.17,0.0,0.17,0.47,0.26,0.46,0.25,0.18,0.11,0.11,0.78,0.27,0.92,0.0,0.38,0.54,0.27,0.33,0.62,0.38,0.27,0.55,0.0,0.94,0.82,0.59,0.0,0.46,0.18,0.67,0.6,0.07,0.0,0.33,0.42,0.19,0.9,0.47,0.87,0.54,0.79,0.31,0.0,0.75,0.42,0.18,0.23,1.0,0.2,0.57,1.0,0.06,0.82,0.22,0.89,0.39,0.07,0.43,0.92,0.86,0.91,0.06,0.1,0.71,0.53,0.12,0.43,0.57,0.1,0.15,0.25,0.15,0.8,0.53,0.47,0.0,0.4,0.08,0.31,1.0,1.0,0.33,0.0,0.5,0.25,0.33,0.07,0.63,0.55,0.07,1.0,0.12,0.0,0.0,0.0,0.0,0.0,0.54,0.8,0.0,0.86,0.33,1.0,0.07,0.22,0.88,0.89,0.0,0.87,0.0,0.7,0.07,0.07,0.09,0.0,0.27,0.33,0.7,0.88,0.56,0.14,0.59,1.0,0.29,0.14,0.46,0.29,0.64,0.5,0.14,0.31,0.58,0.12,0.29,0.62,0.76,0.0,0.3,0.24,0.62,0.15,0.33,0.63,0.21,1.0,0.09,0.06,0.52,0.88,0.45,0.11,0.0,0.0,0.31,0.56,0.0,0.95,0.2,0.1,0.32,0.17,0.0,0.2,0.5,0.1,0.4,0.67,0.43,0.5,0.0,0.07,0.29,0.89,0.5,0.19,0.67,0.14,0.83,0.07,0.0,0.81,0.38,1.0,0.0,0.31,0.27,0.07,0.19,0.5,0.4,0.08,0.25,0.13,0.57,0.85,0.82,0.47,0.93,0.14,0.0,0.9,0.85,0.39,0.0,0.25,0.11,0.12,0.29,0.64,0.25,0.0,0.33,0.55,0.5,0.44,0.0,0.0,0.83,0.0,0.06,0.77,0.71,0.62,0.57,0.82,0.88,0.81,0.17,0.09,0.33,0.06,0.69,0.25,0.5,0.57,0.93,0.0,0.45,0.67,0.19,0.67,0.14,0.11,0.21
000027005880,0.57,1.0,0.16,0.39,0.41,0.71,0.29,0.28,0.45,1.0,0.0,0.35,0.55,0.44,0.0,0.04,0.15,0.76,0.69,0.08,0.91,0.61,0.0,0.23,0.14,0.55,1.0,0.19,0.47,0.1,0.43,0.17,0.73,0.33,0.06,0.11,0.76,0.43,0.23,0.44,0.0,0.74,0.27,0.0,0.0,0.08,0.5,0.5,0.0,0.56,0.78,0.21,0.52,0.18,0.13,0.3,0.77,0.74,0.08,0.38,0.2,0.0,0.65,0.43,0.26,0.8,0.09,0.0,0.0,0.15,0.56,0.0,0.78,0.0,0.19,0.36,0.8,0.0,0.44,0.05,0.05,0.17,0.0,0.4,0.4,0.55,0.14,0.21,0.43,0.82,0.15,0.65,0.68,0.25,0.33,0.05,0.43,0.32,0.44,0.06,0.55,0.5,0.03,0.11,0.31,0.33,0.33,0.42,0.82,0.68,0.0,0.14,0.15,0.22,0.38,1.0,1.0,0.09,0.22,0.0,0.94,0.95,0.21,0.0,1.0,0.65,0.0,0.88,0.18,0.78,0.05,0.83,0.0,0.38,0.0,0.29,0.74,0.74,0.18,0.62,0.44,0.0,0.2,0.43,0.48,0.57,0.61,0.95,0.0,0.0,0.5,0.33,0.15,0.24,0.08,0.12,0.67,0.55,0.22,0.26,0.3,0.09,0.08,0.65,0.47,0.89,0.06,0.53,0.5,0.43,0.21,0.88,0.52,0.11,0.33,0.31,0.96,0.54,0.76,0.0,0.75,0.29,0.56,0.44,0.14,0.0,0.14,0.25,0.24,0.83,0.44,0.81,0.57,0.87,0.44,0.05,0.75,0.35,0.13,0.16,1.0,0.26,0.5,1.0,0.23,0.67,0.32,1.0,0.67,0.0,0.47,0.94,0.91,0.84,0.13,0.0,0.8,0.82,0.21,0.67,0.38,0.27,0.24,0.41,0.32,0.62,0.67,0.65,0.13,0.69,0.33,0.62,0.95,0.96,0.3,0.2,0.62,0.06,0.6,0.18,0.8,0.78,0.28,0.88,0.32,0.0,0.35,0.18,0.12,0.0,0.4,0.76,0.0,0.78,0.73,1.0,0.05,0.64,0.58,0.67,0.18,0.89,0.08,0.96,0.31,0.14,0.06,0.2,0.43,0.71,0.68,0.62,0.59,0.36,0.89,1.0,0.1,0.13,0.4,0.45,0.91,0.53,0.25,0.31,0.71,0.11,0.25,0.57,0.89,0.08,0.05,0.06,0.72,0.38,0.24,0.52,0.31,1.0,0.5,0.3,0.6,0.94,0.82,0.5,0.25,0.0,0.25,0.33,0.0,0.85,0.32,0.0,0.58,0.14,0.0,0.47,0.43,0.06,0.29,0.24,0.71,0.46,0.1,0.04,0.09,0.67,0.5,0.23,0.64,0.19,0.67,0.19,0.31,0.94,0.4,0.9,0.3,0.15,0.6,0.3,0.1,0.88,0.54,0.07,0.14,0.15,0.79,0.75,0.9,0.68,0.95,0.05,0.07,0.55,0.75,0.33,0.0,0.4,0.22,0.12,0.27,0.58,0.17,0.0,0.28,0.8,0.76,0.22,0.0,0.26,0.67,0.0,0.29,0.62,0.94,0.78,0.76,0.85,0.85,0.91,0.0,0.25,0.55,0.14,0.88,0.74,0.8,0.86,0.75,0.6,0.5,0.47,0.35,0.58,0.77,0.06,0.68
000027005890,0.47,1.0,0.08,0.33,0.33,0.8,0.12,0.05,0.29,1.0,0.0,0.78,0.33,0.22,0.0,0.07,0.2,0.67,0.69,0.17,0.88,0.44,0.12,0.19,0.0,0.33,0.92,0.16,0.31,0.0,0.5,0.4,0.78,0.15,0.0,0.0,0.57,0.27,0.21,0.75,0.0,0.64,0.25,0.0,0.1,0.09,0.65,0.67,0.07,0.71,0.85,0.27,0.39,0.5,0.04,0.32,0.78,0.74,0.0,0.22,0.0,0.42,0.65,0.36,0.22,0.96,0.0,0.0,0.0,0.23,0.42,0.09,0.71,0.11,0.27,0.55,1.0,0.0,0.36,0.08,0.19,0.12,0.0,0.0,0.1,0.71,0.22,0.26,0.53,0.69,0.25,0.48,0.52,0.4,0.25,0.14,0.56,0.47,0.62,0.08,0.52,0.29,0.14,0.0,0.26,0.3,0.33,0.13,0.67,0.62,0.0,0.24,0.0,0.1,0.33,0.95,1.0,0.12,0.1,0.0,0.91,0.87,0.4,0.08,1.0,0.38,0.0,0.71,0.57,0.67,0.07,0.59,0.0,0.46,0.0,0.54,0.67,0.69,0.14,0.59,0.74,0.04,0.33,0.17,0.28,0.71,0.38,0.94,0.18,0.21,1.0,0.53,0.29,0.14,0.0,0.0,0.5,0.4,0.28,0.24,0.41,0.11,0.04,0.68,0.58,0.78,0.0,0.64,0.5,0.28,0.32,0.93,0.25,0.11,0.64,0.24,0.65,0.55,0.65,0.0,0.46,0.38,0.56,0.24,0.22,0.0,0.17,0.5,0.06,0.85,0.56,1.0,0.79,0.89,0.47,0.0,0.88,0.17,0.1,0.25,0.95,0.08,0.38,1.0,0.27,0.65,0.33,0.9,0.47,0.0,0.45,0.95,0.85,0.83,0.05,0.32,0.74,0.61,0.27,0.69,0.36,0.0,0.17,0.29,0.0,0.75,0.62,0.86,0.05,0.48,0.18,0.18,1.0,1.0,0.26,0.5,0.47,0.35,0.71,0.11,0.89,0.53,0.07,0.73,0.64,0.0,0.14,0.0,0.05,0.0,0.5,0.77,0.0,0.89,0.53,1.0,0.0,0.33,0.82,0.47,0.0,0.91,0.14,0.86,0.24,0.0,0.21,0.09,0.67,0.44,0.61,0.53,0.71,0.67,0.89,0.95,0.17,0.32,0.7,0.28,0.86,0.42,0.06,0.59,0.85,0.05,0.26,0.38,0.93,0.07,0.5,0.1,0.75,0.08,0.29,0.53,0.53,0.95,0.27,0.44,0.4,0.92,0.63,0.38,0.12,0.0,0.17,0.42,0.0,0.76,0.26,0.0,0.29,0.13,0.0,0.28,0.6,0.05,0.2,0.27,0.57,0.4,0.11,0.04,0.28,0.81,0.5,0.09,0.24,0.21,0.96,0.6,0.25,0.95,0.43,0.9,0.25,0.21,0.62,0.19,0.0,0.8,0.5,0.18,0.13,0.16,0.58,0.74,0.79,0.57,0.9,0.08,0.12,0.5,0.5,0.32,0.0,0.11,0.21,0.12,0.2,0.5,0.22,0.0,0.07,0.67,0.53,0.33,0.0,0.33,0.79,0.0,0.0,0.53,0.89,0.92,0.5,0.96,0.86,0.69,0.0,0.33,0.57,0.0,0.85,0.14,0.44,0.88,0.88,0.09,0.43,0.62,0.29,0.59,0.5,0.18,0.52
000027005920,0.41,0.94,0.12,0.23,0.17,1.0,0.17,0.2,0.67,0.94,0.0,0.36,0.11,0.4,0.0,0.24,0.4,0.92,0.5,0.11,0.83,0.5,0.0,0.47,0.25,0.46,1.0,0.28,0.31,0.0,0.53,0.2,0.69,0.15,0.15,0.07,0.43,0.28,0.08,0.65,0.08,0.77,0.33,0.0,0.0,0.0,0.8,0.5,0.0,0.86,0.9,0.0,0.56,0.57,0.0,0.4,0.57,0.38,0.0,0.37,0.25,0.29,0.5,0.33,0.33,0.91,0.18,0.2,0.17,0.06,0.25,0.24,0.38,0.21,0.29,0.59,,0.0,0.44,0.0,0.06,0.0,0.11,0.31,0.11,0.45,0.43,0.2,0.55,0.75,0.17,0.3,0.62,0.44,0.42,0.15,0.59,0.53,0.75,0.0,0.33,0.25,0.22,0.0,0.67,0.25,0.0,0.25,0.62,0.7,0.0,0.12,0.0,0.0,0.56,0.64,0.93,0.1,0.24,0.0,0.62,0.94,0.54,0.0,1.0,0.85,0.1,0.82,0.22,0.89,0.0,0.4,0.0,0.67,0.0,0.45,0.43,0.47,0.0,0.58,0.24,0.0,0.17,0.0,0.75,0.7,0.57,1.0,0.0,0.11,,0.17,0.25,0.24,0.21,0.33,0.67,0.38,0.5,0.13,0.07,0.0,0.12,0.67,0.59,0.75,0.0,0.67,0.4,0.43,0.44,1.0,0.44,0.14,0.67,0.11,0.92,0.57,0.5,0.08,0.8,0.18,0.8,0.45,0.27,0.0,0.25,0.25,0.36,0.75,0.55,0.93,0.46,0.82,0.27,0.0,0.88,0.22,0.0,0.4,0.91,0.5,0.71,0.89,0.21,0.9,0.45,0.88,0.45,0.08,0.55,0.91,0.43,0.71,0.27,0.18,0.58,0.36,0.27,0.75,0.64,0.0,0.25,0.25,0.07,0.82,0.42,0.33,0.0,0.47,0.13,0.69,1.0,0.94,0.3,0.5,0.5,0.23,0.78,0.0,0.71,0.8,0.2,0.67,0.33,0.0,0.0,0.15,0.0,0.0,0.45,0.71,0.0,0.83,0.65,1.0,0.13,0.29,0.71,0.82,0.0,0.89,0.07,0.5,0.08,0.2,0.33,0.0,0.67,0.38,0.6,0.8,0.64,0.36,0.83,0.94,0.0,0.54,0.56,0.5,0.55,0.31,0.25,0.64,0.42,0.0,0.31,0.6,1.0,0.0,0.29,0.24,0.67,0.33,0.33,0.55,0.22,0.79,0.54,0.18,0.55,0.71,0.73,0.33,0.2,0.29,0.14,0.31,0.0,0.76,0.21,0.0,0.6,0.1,0.25,0.38,0.75,0.13,0.27,0.5,0.88,0.45,0.12,0.0,0.26,0.8,0.5,0.37,0.19,0.19,0.93,0.31,0.2,0.71,0.43,0.6,0.27,0.37,0.33,0.44,0.23,0.64,0.0,0.0,0.24,0.17,0.77,0.92,0.79,0.82,0.93,0.07,0.12,0.9,1.0,0.6,0.0,0.33,0.16,0.0,0.33,0.46,0.06,0.0,0.0,0.82,0.77,0.55,0.0,0.36,0.67,0.0,0.07,0.9,0.78,0.91,0.31,1.0,0.87,0.95,0.25,0.33,0.67,0.0,0.75,0.0,0.56,1.0,0.73,0.5,0.67,0.6,0.09,0.47,0.73,0.0,0.39
000027007510,0.7,1.0,0.4,0.33,0.0,1.0,0.38,0.6,0.75,0.89,0.33,0.22,0.75,0.58,0.0,0.36,1.0,0.62,0.45,0.1,0.44,0.25,0.33,0.5,0.4,1.0,1.0,0.75,0.0,0.0,0.67,0.73,0.92,0.1,0.07,0.08,1.0,0.29,0.27,0.69,0.07,0.67,1.0,0.17,0.25,0.33,0.62,0.56,0.5,0.67,0.93,0.6,0.25,0.71,0.07,0.0,0.56,0.33,0.0,0.0,0.43,0.0,0.56,0.2,0.5,0.77,0.0,0.18,0.0,0.0,0.27,0.18,0.57,0.12,0.7,0.5,0.5,0.33,0.43,0.3,0.36,0.25,0.25,0.25,0.75,0.57,0.25,0.23,0.5,0.17,0.36,0.38,0.67,0.3,1.0,0.0,0.36,0.44,0.43,0.22,0.17,0.81,0.56,0.2,0.2,0.83,0.88,0.93,0.57,0.83,,0.38,0.4,0.1,0.0,0.5,1.0,0.2,0.23,0.08,0.73,1.0,0.83,0.33,0.8,0.36,0.0,0.45,0.33,0.5,0.0,0.43,0.0,0.82,0.25,0.25,0.45,1.0,0.0,0.6,0.4,0.29,0.88,0.25,0.4,0.67,0.71,0.89,0.0,0.5,0.67,1.0,0.25,0.0,0.56,0.27,0.27,0.27,0.18,0.78,0.5,0.0,0.62,0.45,0.67,1.0,0.38,0.43,0.82,0.33,0.43,0.8,0.44,0.0,0.5,0.25,0.88,0.5,0.67,0.0,0.3,0.82,1.0,0.1,0.54,0.0,0.5,0.92,0.67,1.0,1.0,1.0,0.0,0.83,0.6,0.17,1.0,0.12,0.22,0.17,0.67,0.19,0.54,0.67,0.85,0.33,0.75,1.0,0.55,0.69,0.33,1.0,0.79,0.57,0.55,0.08,0.56,0.67,0.07,0.67,0.64,0.11,0.23,0.86,0.92,0.27,0.64,0.71,0.33,0.5,0.14,0.92,0.93,0.88,0.18,0.0,0.43,0.78,0.83,0.2,0.38,0.5,0.83,0.71,0.24,0.0,0.4,0.67,0.58,0.18,0.92,0.43,0.0,1.0,0.27,0.89,0.17,0.6,0.92,0.62,0.18,0.43,0.2,1.0,0.07,0.2,0.0,0.0,0.27,1.0,0.57,0.4,0.45,1.0,0.6,0.8,0.5,0.93,0.38,0.18,0.64,0.36,0.67,0.31,0.68,0.0,0.17,0.36,0.57,0.0,1.0,0.4,0.38,0.29,0.86,0.9,0.46,0.83,0.86,0.2,0.08,0.62,0.36,0.2,0.11,0.33,1.0,0.2,0.25,0.6,0.5,0.0,0.8,0.09,0.11,0.71,0.29,0.15,0.0,0.94,1.0,0.71,0.25,0.2,0.3,0.77,0.6,0.82,0.09,0.0,0.85,0.69,0.38,0.77,0.5,1.0,0.36,0.31,0.55,0.7,0.0,0.27,0.75,0.0,0.45,0.09,0.94,0.43,0.67,0.0,1.0,0.33,0.5,0.42,0.55,0.88,0.14,0.44,0.22,0.56,0.0,1.0,0.0,0.0,0.43,0.67,0.89,0.29,0.25,0.89,0.4,0.11,0.31,0.77,0.78,0.86,1.0,0.83,0.36,0.75,0.86,0.08,0.75,0.0,0.64,0.92,0.5,0.89,0.56,0.17,0.27,0.91,0.07,0.18,0.7,0.38,0.3
000027007520,1.0,0.89,0.46,0.22,0.12,1.0,0.42,0.62,1.0,0.88,0.67,0.25,0.25,1.0,0.0,1.0,0.8,0.33,0.73,0.0,0.27,0.5,0.57,0.5,0.45,1.0,1.0,0.77,0.4,0.4,0.86,0.86,1.0,0.3,0.2,0.0,1.0,0.0,0.21,0.5,0.64,0.6,1.0,0.2,0.5,0.17,0.47,0.53,0.8,0.67,1.0,0.93,0.46,0.92,0.11,0.33,0.67,0.5,0.0,0.17,0.46,0.0,0.43,0.0,0.29,0.88,0.0,1.0,0.0,0.5,0.44,0.11,0.5,0.47,0.43,0.67,0.5,0.0,0.67,0.25,0.0,0.1,0.5,0.14,0.5,0.42,0.38,0.0,0.58,0.46,0.17,0.18,0.55,0.38,1.0,0.0,1.0,0.75,0.36,0.33,0.38,0.75,0.31,0.2,0.38,0.33,0.73,1.0,0.31,0.67,,0.45,0.0,0.5,0.0,0.67,1.0,0.22,0.55,0.6,0.87,0.86,0.7,0.67,0.83,0.75,0.26,0.87,0.4,0.33,0.38,0.6,0.0,0.73,0.25,0.0,0.4,1.0,0.38,0.92,0.25,0.31,0.38,0.12,0.53,0.29,1.0,0.94,0.0,0.57,0.43,0.6,0.75,0.25,0.47,0.33,0.62,0.4,0.6,0.62,0.85,0.0,0.67,0.33,1.0,1.0,0.08,0.77,0.67,0.11,0.18,0.88,0.71,0.09,0.43,0.27,0.85,0.08,1.0,0.17,0.5,0.75,1.0,0.23,0.75,0.06,0.67,1.0,0.8,0.71,1.0,0.69,0.14,1.0,0.78,0.0,0.67,0.0,0.0,0.07,0.89,0.06,0.18,0.6,0.73,0.5,0.44,1.0,0.32,0.91,0.73,0.91,0.77,0.3,1.0,0.2,0.29,0.92,0.0,0.85,0.86,0.15,0.15,0.73,0.89,0.71,0.36,0.5,0.5,0.4,0.27,0.75,0.67,1.0,0.2,0.29,0.75,0.7,0.83,0.36,0.83,0.45,1.0,0.7,0.39,0.0,0.33,0.55,0.62,0.0,1.0,1.0,0.0,0.91,0.36,1.0,0.33,0.62,0.92,0.6,0.07,0.9,0.0,0.8,0.31,0.6,0.38,0.0,0.0,1.0,0.73,0.67,0.9,0.86,0.88,0.8,0.88,0.9,0.73,0.0,0.83,0.2,0.67,0.45,0.82,0.0,0.06,0.05,0.7,0.15,0.45,0.75,0.33,0.57,0.71,0.85,0.83,0.92,0.78,0.25,0.19,0.71,0.69,0.5,0.14,1.0,0.23,0.44,0.0,0.33,0.27,0.0,0.9,0.07,0.0,0.82,0.0,0.38,0.75,1.0,0.94,0.77,0.18,0.17,0.0,0.62,0.4,0.87,0.06,0.07,0.67,0.4,0.5,0.8,0.4,0.89,0.29,0.18,0.38,0.86,0.07,0.36,0.0,0.11,0.38,0.0,1.0,0.91,0.9,0.42,1.0,0.75,0.67,0.88,0.83,0.89,0.67,0.42,0.06,0.0,0.18,0.75,0.0,0.0,0.17,0.67,0.94,0.22,0.33,1.0,0.75,0.2,0.43,1.0,0.86,0.78,0.88,0.62,0.83,0.69,0.67,0.14,0.38,0.27,0.75,0.88,0.38,0.56,1.0,0.0,0.17,1.0,0.11,0.5,0.14,0.85,0.38
000027007610,0.86,1.0,0.67,0.57,0.0,0.92,0.29,0.64,1.0,0.92,0.67,0.31,0.71,0.75,0.0,0.71,0.75,0.54,0.56,0.0,0.5,0.45,0.36,0.2,0.17,0.86,1.0,0.75,0.17,,0.88,0.45,1.0,0.07,0.06,0.25,0.94,0.4,0.11,0.54,0.15,0.67,0.91,0.12,0.17,0.4,0.75,0.88,0.5,0.8,1.0,0.73,0.08,0.88,0.39,0.38,0.9,0.53,0.0,0.17,0.5,0.0,0.31,0.25,0.4,0.93,0.24,0.33,0.0,0.0,0.18,0.25,0.45,0.38,0.71,0.41,0.0,0.33,0.53,0.2,0.5,0.2,0.46,0.0,1.0,0.39,0.56,0.0,0.67,0.38,0.15,0.14,0.73,0.36,0.71,0.07,0.73,0.23,0.27,0.57,0.36,0.9,0.33,0.33,0.53,0.44,0.33,1.0,0.42,0.56,0.0,0.17,0.38,0.33,0.0,1.0,0.92,0.45,0.26,0.17,0.89,1.0,0.73,0.56,0.9,0.72,0.08,0.54,0.6,0.62,0.14,0.76,0.1,0.79,0.65,0.25,0.42,0.44,0.71,1.0,0.2,0.44,0.18,0.0,0.54,0.27,1.0,0.93,0.0,0.5,0.63,0.55,0.08,0.18,0.64,0.44,0.43,0.43,0.11,0.67,0.6,0.0,0.6,0.69,0.5,0.82,0.23,0.69,0.94,0.33,0.36,1.0,0.39,0.0,0.57,0.17,0.75,0.18,1.0,0.08,0.33,0.86,0.84,0.38,0.29,0.12,0.38,1.0,0.42,0.9,0.89,0.89,0.5,0.67,0.68,0.15,0.86,0.0,0.0,0.2,0.9,0.0,0.55,1.0,0.65,0.69,0.45,0.94,0.46,0.61,0.64,0.94,0.81,0.69,0.78,0.0,0.4,0.93,0.0,0.82,0.7,0.06,0.1,0.85,0.71,0.15,0.57,0.27,0.32,0.57,0.07,0.75,0.78,0.57,0.5,0.36,0.25,0.86,0.5,0.5,0.67,0.73,1.0,0.88,0.15,0.08,0.06,0.6,0.53,0.22,0.83,0.58,0.0,0.75,0.5,1.0,0.53,0.67,0.75,0.89,0.11,0.93,0.0,1.0,0.0,0.25,0.18,0.15,0.5,1.0,0.54,0.55,0.82,0.89,0.67,0.87,1.0,1.0,0.43,0.05,0.75,0.36,0.83,0.6,0.53,0.12,0.14,0.29,0.73,0.5,1.0,0.27,0.27,0.4,0.71,0.83,0.73,0.83,0.93,0.27,0.25,0.8,0.53,0.09,0.2,0.83,0.5,0.29,0.0,0.73,0.55,0.12,0.89,0.06,0.0,0.64,0.17,0.25,0.14,1.0,0.91,0.75,0.14,0.2,0.09,0.88,0.64,0.4,0.06,0.0,0.92,0.77,0.5,0.73,0.91,0.9,0.1,0.45,0.41,0.64,0.2,0.38,0.43,0.38,0.46,0.0,1.0,0.79,0.81,0.42,0.69,0.67,0.79,0.83,0.8,0.64,0.33,0.17,0.09,0.27,0.33,1.0,0.28,0.08,0.1,0.9,0.75,0.18,0.11,0.7,0.79,0.44,0.33,0.67,1.0,0.75,1.0,1.0,0.8,0.75,0.75,0.5,0.7,0.06,0.73,0.67,0.33,0.71,0.4,0.0,0.2,1.0,0.0,0.24,0.18,0.88,0.22
000027007680,0.79,0.8,0.36,0.33,0.45,1.0,0.8,0.79,0.67,1.0,0.6,0.33,0.67,1.0,0.29,0.8,0.67,0.5,0.69,0.0,0.5,0.57,0.82,0.42,0.43,0.83,0.93,0.9,0.5,0.33,0.75,0.71,1.0,0.25,0.09,0.0,0.8,0.25,0.67,0.77,0.2,0.5,0.8,0.12,0.12,0.4,0.62,0.53,0.67,1.0,1.0,0.75,0.23,0.79,0.14,0.25,0.77,0.33,0.0,0.27,0.33,0.0,0.8,0.33,0.5,1.0,0.25,0.2,0.0,0.2,0.0,0.0,0.86,0.6,0.8,0.38,1.0,0.5,0.29,0.0,0.2,0.14,0.0,0.0,0.6,0.12,0.75,0.23,0.7,0.58,0.1,0.1,0.67,0.45,0.88,0.08,0.6,0.58,0.2,0.36,0.22,0.82,0.22,0.25,0.44,0.0,1.0,0.82,0.0,0.25,,0.67,0.33,0.67,0.25,1.0,1.0,0.33,0.29,0.0,0.83,0.91,0.83,0.29,1.0,0.38,0.2,0.9,0.4,0.25,0.0,0.55,0.17,0.78,0.7,0.0,0.56,0.82,0.0,1.0,0.75,0.0,0.25,0.07,0.86,0.58,0.88,1.0,0.0,0.22,0.25,0.43,0.18,0.44,0.2,0.0,0.22,0.33,0.17,0.55,0.69,0.25,0.55,0.56,0.62,0.75,0.23,0.75,1.0,0.33,0.46,1.0,0.47,0.05,0.55,0.25,0.71,0.5,0.92,0.06,0.4,0.88,1.0,0.14,0.5,0.0,0.33,1.0,0.8,0.67,0.86,0.86,0.44,0.82,0.6,0.17,0.75,0.0,0.0,0.0,1.0,0.0,0.25,1.0,0.7,0.64,0.33,1.0,0.6,0.85,0.43,0.82,1.0,0.23,0.92,0.36,0.36,1.0,0.0,0.89,0.82,0.1,0.12,0.75,0.8,0.67,0.53,0.56,0.64,0.4,0.0,0.5,0.57,1.0,0.5,0.25,0.46,0.88,0.86,0.5,0.62,0.62,1.0,0.75,0.12,0.0,0.27,0.7,0.88,0.25,0.86,0.83,0.0,1.0,0.83,1.0,0.5,0.93,0.78,0.67,0.0,0.71,0.13,0.75,0.29,0.25,0.43,0.17,0.22,1.0,0.5,0.57,0.85,1.0,0.86,0.69,1.0,1.0,0.67,0.3,0.88,0.5,0.5,0.33,1.0,0.0,0.2,0.33,0.6,0.1,0.91,0.38,0.43,0.5,1.0,0.86,0.9,0.5,1.0,0.14,0.44,0.9,0.4,0.25,0.25,1.0,0.5,0.29,0.12,0.75,0.25,0.0,1.0,0.0,0.0,0.2,0.28,0.24,0.29,0.78,1.0,0.91,0.0,0.2,0.18,0.92,0.86,0.62,0.08,0.21,0.92,0.67,0.5,0.62,0.75,1.0,0.27,0.18,0.67,0.64,0.33,0.5,0.75,0.0,0.27,0.0,0.9,0.89,0.71,0.31,0.55,0.53,0.64,0.8,0.7,0.62,0.4,0.29,0.0,0.2,0.0,1.0,0.0,0.12,,0.75,1.0,0.28,0.57,0.75,0.62,0.1,0.83,0.5,1.0,1.0,1.0,0.78,0.5,0.78,0.5,0.07,0.83,0.18,0.79,0.57,0.5,0.29,0.83,0.0,0.0,1.0,0.17,0.29,0.38,0.75,0.14
000027007730,0.86,1.0,0.43,0.38,0.17,0.73,0.15,0.69,0.67,0.92,0.38,0.5,0.46,0.83,0.22,0.4,0.5,0.42,0.88,0.0,0.46,0.67,0.9,0.39,0.0,0.79,0.94,1.0,0.42,0.29,0.65,0.7,1.0,0.14,0.0,0.08,0.84,0.12,0.43,0.93,0.18,0.64,0.56,0.53,0.62,0.14,0.22,0.86,0.92,0.71,0.94,0.82,0.12,0.7,0.0,0.21,0.5,0.46,0.0,0.32,0.44,0.0,0.67,0.12,0.25,0.79,0.0,0.17,0.0,0.25,0.42,0.0,0.69,0.36,0.8,0.68,0.5,0.17,0.3,0.15,0.25,0.0,0.33,0.1,0.57,0.3,0.3,0.17,0.5,0.33,0.22,0.0,0.78,0.56,0.7,0.08,0.64,0.18,0.33,0.55,0.33,0.86,0.38,0.08,0.31,0.29,0.75,0.8,0.31,0.75,0.0,0.58,0.0,0.47,0.0,1.0,0.67,0.37,0.41,0.3,0.67,1.0,0.8,0.57,0.86,0.38,0.17,0.61,0.5,0.43,0.44,1.0,0.05,0.64,0.65,0.0,0.7,0.48,0.4,0.8,0.45,0.12,0.43,0.19,0.5,0.67,0.73,0.38,0.0,0.5,0.33,0.6,0.53,0.35,0.5,0.0,0.58,0.17,0.36,0.83,0.64,0.15,0.3,0.53,0.5,0.82,0.23,0.7,0.73,0.38,0.45,0.94,0.31,0.0,0.75,0.08,0.75,0.92,0.8,0.0,0.23,0.62,0.93,0.2,0.14,0.06,0.23,1.0,0.6,0.33,1.0,0.8,0.5,0.86,0.71,0.38,0.73,0.14,0.08,0.0,0.83,0.25,0.54,1.0,0.64,0.64,0.69,1.0,0.54,0.78,0.29,0.82,0.53,0.5,0.55,0.5,0.3,1.0,0.0,0.9,0.8,0.17,0.15,0.77,0.88,0.78,0.38,0.47,0.5,0.27,0.2,0.8,0.82,0.78,0.4,0.16,0.36,0.62,0.85,0.24,0.62,0.38,0.88,0.78,0.23,0.0,0.0,0.28,0.32,0.11,0.77,0.85,0.0,1.0,0.31,0.92,0.53,0.86,0.65,0.85,0.0,0.23,0.06,0.85,0.08,0.5,0.08,0.29,0.33,1.0,0.29,0.25,0.45,0.92,0.5,0.83,0.86,0.94,0.54,0.2,0.82,0.56,0.14,0.37,0.9,0.06,0.1,0.2,0.4,0.11,0.87,0.33,0.5,0.71,0.89,0.87,0.75,0.75,0.88,0.21,0.15,0.75,0.5,0.0,0.36,0.56,0.33,0.31,0.27,0.5,0.62,0.13,0.92,0.67,0.09,0.38,0.17,0.42,0.11,0.83,0.8,0.81,0.06,0.19,0.06,0.83,0.25,0.7,0.38,0.21,0.57,0.56,0.0,0.75,0.59,0.65,0.3,0.38,0.6,0.67,0.0,0.64,0.11,0.1,0.21,0.0,1.0,0.5,0.83,0.29,0.33,0.56,0.55,0.69,0.41,0.58,0.46,0.25,0.35,0.25,0.46,0.94,0.07,0.15,0.08,0.89,0.95,0.13,0.0,0.77,0.8,0.09,0.58,0.73,1.0,0.67,0.88,0.88,0.5,0.75,0.47,0.4,0.62,0.38,0.64,0.53,0.5,0.56,0.75,0.33,0.12,1.0,0.08,0.46,0.29,0.83,0.0
000027007740,0.88,1.0,0.8,0.09,0.14,0.83,0.55,0.8,0.6,0.7,0.64,0.17,0.5,0.86,0.0,0.56,0.57,0.83,0.64,0.0,0.83,0.75,0.75,0.4,0.15,1.0,0.94,1.0,0.5,0.33,0.86,0.67,0.71,0.0,0.12,0.0,0.89,0.57,0.18,1.0,0.4,0.75,0.92,0.5,0.33,0.4,0.17,0.78,0.4,0.89,0.94,0.82,0.44,0.89,0.56,0.08,0.69,0.44,0.0,0.3,0.0,0.22,0.6,0.15,0.67,1.0,0.12,0.3,0.0,0.2,0.12,0.42,1.0,0.2,0.5,0.42,0.0,0.5,0.6,0.0,0.15,0.0,0.67,0.0,0.62,0.27,0.35,0.1,0.33,0.44,0.0,0.2,0.73,0.4,1.0,0.2,0.75,0.42,0.22,0.43,0.5,0.95,0.33,0.0,0.54,0.33,0.75,1.0,0.4,0.82,,0.44,0.29,0.57,0.08,1.0,0.82,0.57,0.15,0.2,0.69,0.9,0.4,0.62,1.0,0.4,0.2,0.91,0.33,0.2,0.0,0.44,0.0,0.67,0.67,0.0,0.56,0.5,0.17,0.88,0.4,0.5,0.0,0.09,0.75,0.33,0.92,1.0,0.0,0.86,0.75,0.75,0.4,0.27,0.33,0.0,0.5,0.36,0.44,0.42,0.7,0.33,0.75,0.5,0.62,0.7,0.18,0.8,0.83,0.25,0.44,1.0,0.56,0.0,0.6,0.0,0.86,0.3,0.86,0.0,0.12,0.62,1.0,0.46,0.3,0.0,0.33,0.89,1.0,0.89,0.92,0.89,0.33,0.55,0.7,0.09,0.64,0.17,0.0,0.22,1.0,0.44,0.4,0.58,0.55,1.0,0.82,1.0,0.3,0.62,0.38,0.9,0.5,0.33,0.78,0.11,0.27,0.9,0.0,0.83,0.5,0.0,0.12,0.91,0.7,0.9,0.43,0.42,0.33,0.0,0.0,0.75,0.71,0.67,0.54,0.5,0.23,0.62,0.5,0.56,0.86,0.38,0.92,0.78,0.17,0.0,0.1,0.42,0.67,0.0,0.86,0.78,0.0,0.67,0.44,0.75,0.82,0.44,0.82,0.75,0.08,0.67,0.1,0.75,0.25,0.29,0.11,0.09,0.2,1.0,0.44,0.75,0.88,1.0,0.44,0.88,0.78,1.0,0.25,0.38,0.43,0.36,0.67,0.4,0.73,0.08,0.3,0.5,0.86,0.29,0.67,0.43,0.7,0.5,1.0,0.83,0.5,0.67,1.0,0.36,0.12,0.8,0.73,0.33,0.3,0.75,0.56,0.44,0.2,0.56,0.11,0.22,0.92,0.13,0.0,0.54,0.38,0.33,0.0,0.93,1.0,0.67,0.11,0.08,0.0,0.7,0.67,0.43,0.22,0.17,0.67,0.83,0.55,0.6,0.7,0.89,0.25,0.27,0.38,0.5,0.0,0.22,0.62,0.29,0.82,0.1,1.0,0.29,0.58,0.4,0.67,0.67,0.7,0.67,0.64,0.67,0.45,0.29,0.06,0.0,0.43,1.0,0.2,0.17,0.0,1.0,0.9,0.42,0.42,0.93,0.75,0.29,0.42,0.73,1.0,0.9,1.0,0.88,0.5,0.89,0.4,0.18,0.75,0.29,0.9,0.9,0.4,0.57,1.0,0.0,0.0,1.0,0.0,0.25,0.25,1.0,0.29
000027007750,0.93,0.9,0.53,0.3,0.09,0.88,0.7,0.59,0.67,0.78,0.71,0.43,0.67,0.91,0.14,0.65,0.67,0.36,0.64,0.33,1.0,0.62,0.77,0.69,0.09,1.0,1.0,0.69,0.4,0.0,0.69,0.75,1.0,0.3,0.07,0.14,0.94,0.2,0.07,0.92,0.0,0.75,0.92,0.33,0.44,0.1,0.57,0.88,0.57,0.67,1.0,0.82,0.33,1.0,0.33,0.64,0.67,0.54,0.0,0.18,0.17,0.11,0.55,0.5,0.58,0.85,0.07,0.19,0.0,0.0,0.05,0.0,0.67,0.27,0.64,0.89,0.0,0.4,0.65,0.16,0.3,0.4,0.29,0.21,0.57,0.48,0.67,0.14,0.42,0.4,0.0,0.29,0.67,0.7,1.0,0.21,0.75,0.38,0.55,0.17,0.3,1.0,0.3,0.27,0.33,0.57,0.31,0.85,0.6,0.57,0.0,0.62,0.38,0.71,0.0,1.0,0.85,0.14,0.25,0.45,0.85,1.0,0.67,0.14,0.8,0.33,0.3,0.73,0.17,0.5,0.22,0.44,0.0,0.89,0.57,0.22,0.6,0.56,0.3,1.0,0.4,0.33,0.44,0.07,0.62,0.25,1.0,1.0,0.2,0.67,0.14,0.36,0.43,0.42,0.27,0.22,0.2,0.18,0.5,0.75,0.91,0.13,0.64,0.65,0.71,1.0,0.5,0.67,0.92,0.57,0.12,0.9,0.41,0.09,0.77,0.15,1.0,0.45,1.0,0.15,0.27,0.5,1.0,0.38,0.5,0.06,0.67,0.92,0.62,0.0,0.7,0.85,0.5,0.67,0.93,0.23,0.59,0.0,0.11,0.11,0.94,0.08,0.19,0.86,0.86,0.81,0.64,0.75,0.64,0.71,0.55,1.0,0.86,0.38,1.0,0.2,0.53,0.87,0.09,0.62,0.8,0.11,0.2,0.75,1.0,0.43,0.57,0.7,0.62,0.73,0.29,1.0,1.0,0.6,0.47,0.25,0.2,0.92,0.57,0.82,0.5,0.22,0.88,0.92,0.1,0.0,0.27,0.73,0.82,0.21,0.93,0.54,0.0,0.88,0.54,1.0,0.6,0.88,0.89,0.92,0.2,0.78,0.22,0.78,0.13,0.0,0.45,0.0,0.33,1.0,0.75,0.43,0.67,0.71,0.69,0.92,0.8,1.0,0.86,0.0,0.86,0.25,0.7,0.67,0.54,0.0,0.09,0.3,0.6,0.0,0.89,0.55,0.87,0.64,1.0,0.89,0.92,0.92,0.71,0.4,0.09,0.6,0.86,0.36,0.16,0.9,0.31,0.23,0.17,0.5,0.5,0.0,0.96,0.18,0.0,0.54,0.18,0.18,0.0,1.0,1.0,0.82,0.24,0.22,0.33,0.8,0.4,0.57,0.5,0.0,0.83,0.54,0.64,0.91,0.4,1.0,0.22,0.4,0.5,0.82,0.0,0.44,0.14,0.29,0.67,0.12,1.0,0.76,1.0,0.91,0.71,0.46,0.55,0.62,0.72,0.6,0.25,0.5,0.4,0.38,0.06,0.91,0.2,0.0,0.5,0.88,0.9,0.43,0.25,0.8,0.77,0.4,0.69,0.92,0.87,1.0,1.0,0.73,1.0,0.82,0.6,0.11,0.67,0.2,0.93,1.0,0.64,0.55,0.93,0.33,0.2,0.95,0.18,0.33,0.42,0.73,0.0
000027007770,0.75,0.96,0.58,0.33,0.27,1.0,0.42,0.64,0.9,0.85,0.4,0.33,0.64,0.72,0.0,0.53,0.67,0.44,0.64,0.0,0.7,0.89,0.53,0.35,0.25,1.0,0.96,0.74,0.11,0.37,0.37,0.71,0.97,0.28,0.16,0.12,0.96,0.43,0.29,0.71,0.31,0.57,0.53,0.13,0.54,0.23,0.37,0.62,0.6,0.89,0.95,0.9,0.26,0.88,0.4,0.3,0.43,0.38,0.0,0.24,0.57,0.17,0.58,0.3,0.45,1.0,0.11,0.24,0.0,0.1,0.28,0.05,0.53,0.42,0.72,0.59,0.0,0.21,0.41,0.33,0.07,0.24,0.25,0.29,0.75,0.53,0.48,0.23,0.38,0.5,0.19,0.31,0.68,0.59,0.89,0.04,0.68,0.47,0.3,0.56,0.12,0.94,0.52,0.23,0.47,0.46,0.37,0.83,0.32,0.6,0.0,0.33,0.5,0.62,0.11,0.8,0.88,0.54,0.29,0.46,0.88,0.93,0.65,0.29,0.65,0.47,0.17,0.77,0.44,0.38,0.2,0.5,0.04,0.65,0.47,0.33,0.63,0.78,0.15,0.94,0.27,0.42,0.64,0.09,0.65,0.63,0.9,0.95,0.0,0.8,0.58,0.65,0.36,0.37,0.36,0.44,0.43,0.32,0.13,0.71,0.85,0.16,0.5,0.53,0.73,0.79,0.35,0.65,0.94,0.15,0.4,0.86,0.5,0.06,0.53,0.1,0.91,0.45,0.95,0.05,0.56,0.68,0.93,0.21,0.48,0.14,0.5,1.0,0.68,0.59,0.95,0.45,0.53,0.65,0.9,0.28,0.62,0.14,0.21,0.35,0.88,0.25,0.45,1.0,0.62,0.72,0.63,1.0,0.54,0.76,0.38,1.0,0.81,0.69,0.95,0.12,0.25,1.0,0.05,0.91,0.6,0.0,0.37,0.71,0.9,0.56,0.4,0.56,0.21,0.42,0.21,0.79,0.88,0.92,0.25,0.38,0.47,0.74,0.86,0.46,0.71,0.41,0.9,0.8,0.24,0.0,0.05,0.71,0.55,0.19,0.93,0.65,0.0,0.94,0.47,1.0,0.38,0.84,0.88,0.78,0.0,0.79,0.14,1.0,0.0,0.5,0.33,0.4,0.29,0.95,0.38,0.35,0.33,0.89,0.55,1.0,0.65,0.86,0.62,0.17,0.54,0.38,0.62,0.56,0.94,0.0,0.1,0.28,0.62,0.1,0.95,0.53,0.69,0.37,0.78,0.88,0.84,1.0,0.92,0.27,0.09,0.71,0.3,0.35,0.26,0.86,0.45,0.36,0.06,0.58,0.38,0.04,0.68,0.08,0.08,0.43,0.29,0.23,0.4,0.97,0.95,0.73,0.19,0.18,0.19,0.95,0.46,0.37,0.0,0.29,0.79,0.56,0.92,0.77,0.29,0.79,0.52,0.37,0.58,0.55,0.12,0.47,0.5,0.13,0.55,0.04,0.95,0.59,0.72,0.08,0.79,0.62,0.22,0.63,0.72,0.8,0.45,0.41,0.21,0.5,0.21,1.0,0.09,0.0,0.13,0.79,0.93,0.29,0.0,0.7,0.71,0.24,0.53,0.73,0.88,0.96,1.0,0.82,0.7,0.94,0.58,0.36,0.39,0.33,0.72,0.88,0.35,0.71,0.82,0.06,0.22,1.0,0.15,0.25,0.43,0.53,0.42
000027007780,0.85,0.86,0.85,0.12,0.18,1.0,0.47,0.78,0.93,1.0,0.22,0.0,0.69,0.56,0.17,0.31,0.67,0.54,0.5,0.0,0.5,0.12,0.33,0.38,0.15,1.0,1.0,0.38,0.07,0.0,0.67,0.73,0.93,0.06,0.18,0.06,1.0,0.0,0.11,0.54,0.18,0.73,0.8,0.68,0.75,0.5,0.43,0.67,0.31,0.76,0.83,0.87,0.06,0.9,0.2,0.29,0.62,0.6,0.08,0.0,0.5,0.17,0.43,0.14,1.0,0.9,0.12,0.21,0.0,0.24,0.12,0.11,0.83,0.67,0.18,0.6,0.5,0.25,0.73,0.0,0.14,0.09,0.12,0.13,0.5,0.38,0.44,0.0,0.57,0.33,0.2,0.25,0.56,0.33,0.67,0.14,0.46,0.31,0.47,0.33,0.54,0.83,0.21,0.17,0.17,0.0,0.67,0.75,0.43,0.62,0.0,0.4,0.2,0.25,0.0,0.72,0.62,0.29,0.25,0.8,0.82,1.0,0.65,0.11,0.88,0.6,0.09,0.78,0.33,0.65,0.07,0.33,0.0,0.57,0.67,0.14,0.53,0.7,0.4,1.0,0.4,0.2,0.57,0.09,1.0,0.42,1.0,1.0,0.0,0.62,0.5,0.25,0.4,0.25,0.67,0.23,0.5,0.33,0.0,0.83,0.92,0.07,0.44,0.53,0.33,0.89,0.08,0.86,0.92,0.58,0.33,0.95,0.2,0.0,0.67,0.29,1.0,0.43,0.62,0.0,0.67,0.5,1.0,0.4,0.5,0.0,0.08,0.82,0.4,0.56,0.79,0.78,0.75,0.67,0.86,0.5,0.71,0.0,0.05,0.07,0.83,0.33,0.36,0.9,0.56,0.78,0.77,1.0,0.36,1.0,0.67,1.0,0.78,0.12,0.55,0.0,0.77,1.0,0.07,0.92,0.62,0.15,0.14,0.83,0.91,0.5,0.62,0.38,0.46,0.7,0.12,0.86,0.8,0.86,0.71,0.57,0.33,1.0,0.75,0.29,0.58,0.6,0.93,0.73,0.0,0.0,0.11,0.5,0.5,0.0,1.0,0.82,0.0,0.88,0.43,1.0,0.62,0.78,0.85,0.78,0.0,0.7,0.53,0.78,0.11,0.17,0.33,0.0,0.18,0.83,0.57,0.6,0.33,0.91,0.73,0.75,0.5,0.91,0.8,0.0,0.8,0.36,0.33,0.47,0.75,0.0,0.38,0.4,0.85,0.08,1.0,0.27,0.5,0.29,0.78,0.5,0.61,0.88,1.0,0.2,0.25,0.82,0.35,0.12,0.38,0.67,0.57,0.54,0.0,0.69,0.33,0.11,1.0,0.18,0.0,1.0,0.25,0.18,0.12,0.91,0.93,0.8,0.0,0.4,0.25,0.58,0.8,0.58,0.13,0.0,1.0,0.75,0.55,0.62,0.5,0.88,0.2,0.56,0.42,0.71,0.09,0.71,1.0,0.0,0.33,0.0,1.0,0.57,0.75,0.14,0.89,0.57,0.5,0.33,0.5,0.82,0.57,0.6,0.1,0.09,0.17,0.89,0.0,0.29,0.17,0.64,0.88,0.46,0.22,0.85,0.53,0.11,0.17,0.65,0.85,0.88,1.0,0.83,0.62,0.7,0.14,0.29,0.6,0.0,0.8,0.64,0.57,0.4,1.0,0.17,0.0,1.0,0.0,0.25,0.44,0.2,0.06
000027007790,0.93,0.88,0.6,0.13,0.2,1.0,0.69,0.69,0.69,0.91,0.7,0.11,0.65,0.82,0.0,0.59,0.76,0.36,0.43,0.0,0.43,0.78,0.55,0.4,0.41,1.0,1.0,0.86,0.19,0.0,1.0,0.64,1.0,0.09,0.17,0.06,0.94,0.22,0.21,0.25,0.37,0.61,0.92,0.69,0.5,0.14,0.35,0.64,0.58,0.45,1.0,0.79,0.36,0.81,0.18,0.2,0.27,0.5,0.2,0.26,0.69,0.0,0.65,0.17,0.67,1.0,0.06,0.38,0.09,0.24,0.06,0.06,0.57,0.25,0.7,0.67,0.0,0.44,0.38,0.64,0.06,0.16,0.24,0.0,0.74,0.5,0.62,0.17,0.4,0.5,0.21,0.18,0.89,0.75,0.93,0.29,0.79,0.35,0.5,0.46,0.25,1.0,0.57,0.45,0.44,0.6,0.79,0.9,0.5,0.75,,0.69,0.14,0.36,0.11,0.88,0.94,0.5,0.09,0.44,0.75,1.0,0.95,0.41,0.88,0.69,0.27,0.85,0.22,0.13,0.29,0.47,0.0,0.73,0.5,0.0,0.5,0.91,0.5,1.0,0.21,0.25,0.4,0.0,0.86,0.44,0.94,1.0,0.06,0.67,0.8,0.75,0.46,0.5,0.67,0.08,0.22,0.17,0.0,0.79,0.75,0.0,0.58,0.2,0.81,0.93,0.36,0.71,0.47,0.36,0.13,1.0,0.53,0.09,0.38,0.0,0.87,0.27,0.91,0.06,0.5,0.6,0.83,0.21,0.5,0.24,0.58,0.94,0.67,1.0,0.86,0.83,0.41,0.68,0.9,0.09,1.0,0.0,0.05,0.13,0.86,0.25,0.45,0.89,0.71,0.75,0.64,0.92,0.32,0.92,0.59,0.79,0.59,0.31,0.89,0.04,0.32,1.0,0.0,0.77,0.64,0.07,0.09,0.75,1.0,0.39,0.43,0.44,0.32,0.37,0.12,0.71,0.82,1.0,0.36,0.45,0.43,0.88,0.78,0.48,0.3,0.59,1.0,0.8,0.33,0.0,0.06,0.86,0.45,0.29,0.83,0.55,0.0,1.0,0.27,0.93,0.42,0.89,0.92,0.89,0.25,0.86,0.2,1.0,0.0,0.4,0.29,0.36,0.23,1.0,0.31,0.09,0.36,0.88,0.8,0.89,0.88,1.0,0.59,0.21,0.6,0.5,0.56,0.22,0.93,0.0,0.13,0.29,0.53,0.0,0.88,0.45,0.53,0.47,0.93,0.75,0.83,0.69,0.92,0.31,0.22,0.78,0.45,0.32,0.3,0.54,0.65,0.41,0.09,0.56,0.29,0.05,1.0,0.0,0.08,0.79,0.31,0.45,0.0,1.0,1.0,0.5,0.0,0.33,0.09,0.86,0.78,0.85,0.07,0.0,0.91,0.73,0.38,0.88,0.45,0.79,0.13,0.45,0.64,0.46,0.0,0.33,0.55,0.38,0.59,0.07,1.0,0.5,0.62,0.24,0.64,0.71,0.39,0.48,0.29,0.88,0.65,0.25,0.13,0.3,0.08,1.0,0.1,0.0,0.2,0.75,0.87,0.36,0.21,0.75,0.77,0.36,0.29,0.62,1.0,0.87,1.0,0.92,0.71,0.88,0.57,0.08,0.45,0.05,0.9,0.88,0.3,0.63,0.65,0.25,0.45,1.0,0.14,0.59,0.5,0.62,0.1
000027007820,0.76,1.0,0.8,0.4,0.14,0.78,0.5,0.65,0.82,0.67,0.69,0.2,0.5,0.7,0.11,0.85,0.75,0.5,0.68,0.07,0.75,0.57,0.8,0.64,0.4,0.88,0.89,1.0,0.0,0.0,0.5,0.77,0.96,0.0,0.25,0.14,0.94,0.27,0.27,0.56,0.25,0.82,0.93,0.7,0.78,0.33,0.62,0.6,0.5,0.72,0.95,0.77,0.36,0.82,0.07,0.25,0.43,0.57,0.0,0.27,0.23,0.0,0.5,0.18,0.64,0.89,0.12,0.14,0.2,0.32,0.22,0.12,0.42,0.22,0.54,0.67,1.0,0.28,0.41,0.18,0.17,0.18,0.0,0.15,0.75,0.47,0.26,0.12,0.33,0.54,0.08,0.3,0.68,0.8,0.94,0.08,0.54,0.58,0.22,0.38,0.36,0.87,0.48,0.67,0.46,0.46,0.94,1.0,0.57,0.69,0.0,0.6,0.0,0.22,0.21,0.87,1.0,0.57,0.11,0.38,0.67,0.9,0.63,0.31,0.9,0.64,0.17,0.88,0.6,0.36,0.36,0.3,0.08,0.92,0.36,0.38,0.75,0.83,0.64,1.0,0.31,0.21,0.5,0.1,0.44,0.75,0.9,1.0,0.0,0.5,0.8,0.5,0.29,0.5,0.32,0.0,0.31,0.25,0.33,0.6,0.5,0.14,0.43,0.46,0.67,0.95,0.44,0.83,1.0,0.33,0.29,0.8,0.58,0.06,0.44,0.11,0.86,0.4,0.76,0.05,0.33,0.83,0.93,0.33,0.6,0.14,0.5,0.94,0.79,0.25,0.86,0.84,0.47,0.62,0.86,0.48,1.0,0.12,0.11,0.12,0.85,0.37,0.33,1.0,0.4,0.69,0.61,1.0,0.45,0.94,0.23,0.78,0.69,0.17,0.87,0.0,0.3,0.93,0.0,0.85,0.88,0.18,0.06,0.77,0.95,0.56,0.4,0.56,0.43,0.18,0.16,0.94,0.81,0.88,0.24,0.47,0.31,0.83,0.6,0.25,0.47,0.62,1.0,0.74,0.19,0.0,0.09,0.59,0.6,0.11,0.53,0.57,0.0,1.0,0.58,1.0,0.69,0.67,0.88,0.33,0.2,0.73,0.25,0.82,0.12,0.3,0.06,0.27,0.33,0.95,0.46,0.38,0.27,0.84,0.64,0.93,0.75,0.94,0.56,0.32,0.75,0.25,0.59,0.17,0.81,0.0,0.22,0.29,0.75,0.06,1.0,0.5,0.44,0.7,0.82,0.69,0.67,1.0,0.93,0.33,0.44,1.0,0.55,0.38,0.23,0.89,0.64,0.19,0.0,0.88,0.39,0.0,0.95,0.13,0.0,0.87,0.11,0.23,0.0,1.0,1.0,0.58,0.11,0.25,0.1,0.72,0.73,0.92,0.08,0.13,0.6,0.58,0.38,1.0,0.6,0.67,0.47,0.35,0.41,0.69,0.21,0.38,0.75,0.07,0.57,0.05,1.0,0.64,0.62,0.53,0.67,0.62,0.35,0.54,0.45,0.87,0.83,0.71,0.18,0.4,0.07,1.0,0.05,0.0,0.08,0.62,0.95,0.36,0.22,0.81,0.68,0.14,0.31,0.77,0.91,0.95,1.0,1.0,0.91,0.78,0.67,0.0,0.36,0.14,0.5,0.96,0.45,0.75,0.85,0.25,0.38,1.0,0.16,0.64,0.5,0.47,0.58
000027007830,0.78,0.94,0.58,0.28,0.47,0.87,0.7,0.77,0.93,0.95,0.43,0.12,0.81,0.77,0.25,0.65,0.77,0.73,0.58,0.0,0.54,0.4,0.79,0.4,0.29,0.88,0.87,0.78,0.06,0.2,0.65,1.0,1.0,0.0,0.14,0.1,1.0,0.3,0.38,0.8,0.58,0.59,0.88,0.44,0.57,0.33,0.65,0.62,0.57,0.75,0.96,0.71,0.28,0.83,0.29,0.47,0.7,0.31,0.0,0.17,0.47,0.36,0.54,0.22,0.86,0.75,0.23,0.1,0.06,0.45,0.27,0.09,0.64,0.57,0.6,0.5,0.5,0.53,0.33,0.32,0.27,0.32,0.23,0.19,0.79,0.52,0.69,0.0,0.53,0.39,0.11,0.07,0.66,0.7,1.0,0.07,0.63,0.47,0.3,0.33,0.09,0.92,0.48,0.53,0.1,0.5,0.69,0.92,0.5,0.59,0.0,0.68,0.27,0.47,0.0,1.0,0.93,0.44,0.3,0.33,0.81,1.0,0.7,0.62,0.95,0.59,0.15,0.88,0.36,0.36,0.2,0.55,0.19,0.62,0.47,0.67,0.65,0.56,0.55,1.0,0.39,0.3,0.79,0.0,0.42,0.57,0.89,0.9,0.0,0.72,0.72,0.63,0.21,0.18,0.63,0.25,0.48,0.2,0.28,0.77,0.65,0.24,0.79,0.67,0.65,0.67,0.58,0.73,0.89,0.11,0.35,1.0,0.65,0.18,0.29,0.24,0.9,0.43,0.86,0.26,0.38,0.52,1.0,0.29,0.5,0.14,0.5,0.97,0.81,0.71,0.82,0.59,0.38,0.65,0.88,0.11,0.81,0.04,0.06,0.15,0.96,0.13,0.4,1.0,0.79,0.68,0.56,1.0,0.5,0.92,0.62,0.92,0.78,0.5,0.83,0.05,0.69,1.0,0.04,0.68,0.85,0.26,0.08,0.5,0.95,0.6,0.23,0.36,0.48,0.5,0.06,0.77,0.83,0.69,0.31,0.56,0.58,0.89,0.38,0.5,0.56,0.37,1.0,0.84,0.12,0.14,0.16,1.0,0.89,0.11,0.93,0.68,0.0,0.95,0.47,1.0,0.47,0.89,0.89,0.71,0.14,0.75,0.3,0.84,0.08,0.15,0.05,0.0,0.33,0.95,0.23,0.24,0.5,0.71,0.86,0.96,0.94,1.0,0.54,0.0,0.56,0.5,0.35,0.43,0.7,0.16,0.15,0.42,0.95,0.31,1.0,0.42,0.54,0.8,0.86,0.88,0.88,0.84,0.94,0.4,0.05,0.72,0.35,0.27,0.35,0.87,0.64,0.15,0.12,0.46,0.72,0.0,1.0,0.0,0.12,0.72,0.52,0.33,0.0,1.0,1.0,0.77,0.2,0.44,0.08,0.78,0.5,0.58,0.11,0.22,0.8,0.76,0.29,0.85,0.55,0.73,0.44,0.52,0.5,0.61,0.17,0.39,0.33,0.19,0.53,0.1,1.0,0.69,0.83,0.31,0.53,0.65,0.27,0.78,0.59,0.85,0.75,0.5,0.3,0.33,0.19,0.94,0.0,0.0,0.32,0.9,0.96,0.44,0.27,0.96,0.78,0.29,0.48,0.68,0.95,1.0,0.89,0.95,0.65,0.88,0.71,0.17,0.57,0.21,0.78,0.96,0.35,0.74,0.96,0.11,0.21,1.0,0.22,0.38,0.61,0.76,0.26
000027007840,0.88,1.0,0.45,0.33,0.18,1.0,0.75,0.85,0.67,0.83,0.75,0.0,0.78,0.62,0.14,0.56,0.43,0.44,1.0,0.0,0.53,0.43,0.45,0.56,0.15,0.91,1.0,1.0,0.1,0.0,0.57,0.55,0.92,0.14,0.0,0.1,1.0,0.4,0.23,0.77,0.11,0.5,0.93,0.44,0.71,0.15,0.44,0.53,0.56,0.46,1.0,0.7,0.3,0.92,0.27,0.55,0.5,0.38,0.0,0.17,0.4,0.33,0.44,0.56,0.3,1.0,0.2,0.07,0.33,0.62,0.67,0.31,0.54,0.78,0.89,0.58,1.0,0.11,0.4,0.14,0.17,0.08,0.0,0.36,0.75,0.29,0.4,0.0,0.56,0.38,0.5,0.36,1.0,0.64,0.92,0.29,0.5,0.71,0.43,0.4,0.2,1.0,0.6,0.4,0.27,0.44,0.55,1.0,0.5,0.27,0.0,0.8,0.67,0.75,0.18,1.0,1.0,0.6,0.36,0.2,0.77,1.0,0.79,0.55,0.91,0.43,0.0,0.71,0.43,0.62,0.0,0.71,0.0,0.86,0.62,0.0,0.56,0.5,0.3,1.0,0.5,0.43,0.46,0.0,0.57,0.29,1.0,1.0,0.0,0.62,0.71,0.44,0.24,0.47,0.18,0.06,0.5,0.42,0.32,0.44,0.73,0.17,0.62,0.54,0.67,0.6,0.32,0.81,0.86,0.5,0.27,1.0,0.18,0.0,0.29,0.0,0.71,0.56,1.0,0.09,0.38,0.64,0.91,0.28,0.5,0.06,0.55,1.0,0.85,1.0,1.0,0.71,0.36,0.38,0.79,0.47,0.87,0.18,0.12,0.2,0.82,0.13,0.36,0.89,0.72,0.69,0.56,0.92,0.5,0.92,0.64,0.77,0.77,1.0,0.64,0.06,0.47,1.0,0.0,0.73,0.43,0.08,0.07,0.38,1.0,0.57,0.46,0.23,0.23,0.5,0.2,0.95,0.86,0.86,0.31,0.14,0.6,1.0,0.4,0.67,0.47,0.6,0.92,1.0,0.15,0.0,0.18,0.56,0.67,0.0,0.92,0.36,0.0,0.87,0.42,1.0,0.55,0.8,0.92,0.57,0.0,0.67,0.13,0.56,0.22,0.38,0.14,0.0,0.27,0.91,0.42,0.36,0.92,0.88,0.83,0.92,0.5,0.94,0.45,0.17,0.5,0.33,0.25,0.38,1.0,0.0,0.33,0.62,0.75,0.18,0.83,0.65,0.39,0.29,0.73,0.89,0.8,1.0,0.7,0.2,0.4,0.8,0.5,0.33,0.12,0.83,0.75,0.33,0.0,0.31,0.33,0.0,1.0,0.18,0.0,0.64,0.12,0.29,0.0,1.0,1.0,0.62,0.0,0.18,0.16,0.86,0.5,0.67,0.0,0.09,0.75,0.58,0.57,0.71,0.33,0.88,0.27,0.45,0.33,0.76,0.0,0.1,0.57,0.17,0.33,0.0,1.0,0.89,0.83,0.33,0.83,0.83,0.71,1.0,0.91,0.94,0.6,0.25,0.2,0.42,0.14,0.93,0.0,0.0,0.0,0.89,1.0,0.43,0.11,0.79,0.7,0.25,0.3,0.69,1.0,0.85,0.94,1.0,0.8,1.0,0.89,0.18,0.54,0.18,0.9,0.78,0.3,0.44,0.57,0.25,0.0,1.0,0.19,0.45,0.75,0.6,0.3
000027007900,0.92,0.87,0.44,0.25,0.11,0.82,0.67,0.55,0.91,0.83,0.2,0.4,1.0,0.9,0.0,0.5,0.6,0.78,0.2,0.07,0.5,0.5,0.8,0.21,0.21,0.75,1.0,1.0,0.17,0.25,0.67,0.64,1.0,0.0,0.07,0.08,1.0,0.0,0.27,0.94,0.07,0.71,0.85,0.17,0.5,0.0,0.58,0.46,0.62,0.78,1.0,0.9,0.78,0.77,0.05,0.33,0.57,0.78,0.0,0.77,0.4,0.09,0.8,0.29,0.64,0.82,0.33,0.12,0.0,0.0,0.12,0.29,0.58,0.8,0.67,0.75,0.0,0.36,0.62,0.21,0.25,0.12,0.4,0.0,0.71,0.38,0.43,0.14,0.75,0.57,0.27,0.27,0.64,0.6,1.0,0.12,0.54,0.73,0.1,0.58,0.42,0.89,0.54,0.14,0.42,0.6,0.6,0.89,0.6,0.83,0.0,0.42,0.33,0.2,0.1,0.87,0.88,0.4,0.22,0.0,1.0,0.92,0.75,0.33,0.91,0.5,0.36,0.56,0.43,0.83,0.38,0.36,0.07,0.67,0.83,0.3,0.67,0.5,0.25,0.75,0.2,0.4,0.29,0.14,0.5,0.1,0.79,0.92,0.0,0.8,0.71,0.4,0.25,0.1,0.44,0.17,0.47,0.41,0.28,1.0,0.65,0.0,0.4,0.62,0.29,0.82,0.35,0.56,1.0,0.36,0.54,0.5,0.33,0.0,0.86,0.11,0.75,0.71,0.9,0.0,0.1,0.5,0.92,0.29,0.25,0.23,0.38,0.86,0.43,1.0,0.9,0.83,0.69,0.42,0.75,0.09,0.73,0.13,0.19,0.18,1.0,0.27,0.42,0.92,0.78,0.86,0.71,0.86,0.27,0.82,0.67,0.9,0.47,0.71,1.0,0.07,0.44,0.94,0.0,0.82,0.67,0.1,0.21,0.5,0.73,0.71,0.67,0.4,0.5,0.63,0.17,1.0,0.88,0.67,0.22,0.43,0.57,0.75,0.5,0.33,0.72,0.27,1.0,1.0,0.0,0.0,0.0,0.17,0.27,0.38,1.0,0.6,0.0,0.64,0.36,1.0,0.73,0.69,0.91,0.86,0.07,0.38,0.38,0.71,0.08,0.0,0.0,0.0,0.14,1.0,0.0,0.57,0.69,0.92,0.5,1.0,0.7,0.9,0.75,0.27,0.46,0.89,0.33,0.25,0.64,0.0,0.1,0.4,0.69,0.08,1.0,0.5,0.75,0.43,0.75,0.75,0.67,0.89,1.0,0.0,0.14,0.75,0.44,0.11,0.43,1.0,0.43,0.2,0.0,0.89,0.64,0.0,1.0,0.25,0.1,0.79,0.71,0.38,0.75,1.0,1.0,0.2,0.33,0.25,0.07,0.78,0.62,0.5,0.06,0.0,0.75,0.79,0.38,0.88,0.8,0.88,0.33,0.38,0.23,0.77,0.29,0.22,0.33,0.25,0.75,0.0,1.0,0.75,0.8,0.25,0.69,0.5,0.64,0.31,0.31,0.8,0.31,0.0,0.3,0.14,0.21,0.93,0.1,0.0,0.2,0.69,0.94,0.4,0.38,0.5,1.0,0.5,0.58,0.5,1.0,0.89,0.8,0.86,0.64,0.64,0.5,0.36,0.57,0.08,1.0,0.86,0.21,0.6,0.8,0.12,0.07,0.95,0.08,0.25,0.64,0.62,0.17
000027007990,0.92,0.92,0.44,0.14,0.38,0.89,0.67,0.54,0.93,0.81,0.79,0.43,0.7,0.86,0.0,0.5,0.33,0.44,0.67,0.0,0.33,0.33,1.0,0.38,0.2,1.0,1.0,0.85,0.36,0.2,0.33,0.92,1.0,0.0,0.07,0.0,1.0,0.15,0.29,1.0,0.5,0.68,0.62,0.33,0.38,0.57,0.0,0.59,0.69,0.8,1.0,0.67,0.36,0.89,0.0,0.33,0.46,0.65,0.0,0.13,0.64,0.2,0.44,0.33,0.62,1.0,0.09,0.12,0.0,0.62,0.4,0.28,0.64,0.56,0.82,0.59,1.0,0.36,0.5,0.29,0.07,0.18,0.33,0.09,0.67,0.59,0.53,0.2,0.63,0.44,0.0,0.08,0.59,0.44,0.8,0.0,0.76,0.67,0.54,0.53,0.18,0.88,0.64,0.25,0.36,0.75,0.75,0.89,0.2,0.62,0.0,0.57,0.33,0.33,0.12,0.62,0.91,0.17,0.43,0.33,0.75,1.0,0.62,0.36,1.0,0.5,0.25,0.9,0.25,0.5,0.42,0.7,0.12,1.0,0.46,0.17,0.53,0.75,0.27,1.0,0.5,0.27,0.3,0.2,0.67,0.33,0.88,1.0,0.06,0.9,0.83,0.75,0.43,0.2,0.53,0.31,0.46,0.36,0.15,0.7,0.79,0.0,0.55,0.62,0.78,0.69,0.18,1.0,0.93,0.4,0.22,0.86,0.44,0.0,0.67,0.13,1.0,0.29,0.92,0.0,0.32,0.8,0.94,0.33,0.5,0.09,0.47,0.88,0.3,0.75,0.89,0.87,0.14,0.65,0.9,0.32,0.87,0.0,0.14,0.17,0.88,0.0,0.5,0.92,0.6,0.57,0.71,0.93,0.21,0.77,0.42,0.82,0.67,0.61,0.88,0.33,0.5,1.0,0.0,0.84,0.71,0.06,0.22,0.56,1.0,0.5,0.59,0.36,0.38,0.53,0.18,1.0,0.85,0.38,0.12,0.42,0.09,0.64,0.73,0.5,0.62,0.44,0.72,0.86,0.33,0.08,0.13,0.62,0.8,0.35,0.9,0.57,0.0,1.0,0.2,1.0,0.36,0.94,0.82,0.71,0.2,0.75,0.06,0.93,0.09,0.5,0.36,0.11,0.42,0.92,0.67,0.27,0.69,0.91,0.82,1.0,0.8,1.0,0.47,0.2,0.76,0.57,0.54,0.36,0.71,0.0,0.15,0.27,0.93,0.27,1.0,0.67,0.4,0.53,0.94,0.86,0.77,0.67,0.8,0.45,0.31,0.82,0.47,0.44,0.28,0.5,0.83,0.44,0.0,0.75,0.38,0.0,0.95,0.06,0.0,0.8,0.5,0.43,0.0,1.0,1.0,0.67,0.0,0.4,0.33,0.78,0.67,0.56,0.0,0.0,0.77,0.75,0.45,0.64,0.67,0.88,0.38,0.58,0.5,0.64,0.0,0.33,0.62,0.33,0.4,0.0,1.0,0.58,0.86,0.4,0.62,0.54,0.68,0.38,0.36,0.87,0.69,0.5,0.31,0.29,0.07,0.79,0.12,0.09,0.36,0.79,0.93,0.33,0.38,1.0,0.67,0.67,0.73,0.64,0.88,0.91,0.88,0.94,0.8,0.8,0.62,0.15,0.55,0.17,0.92,0.86,0.64,0.72,1.0,0.22,0.23,1.0,0.12,0.33,0.5,0.33,0.17
000027008020,0.76,0.91,0.36,0.19,0.17,0.89,0.38,0.57,0.69,0.8,0.36,0.17,0.82,0.8,0.0,0.69,0.74,0.4,0.74,0.08,0.62,1.0,0.71,0.5,0.16,0.85,0.85,0.92,0.25,0.22,0.87,0.79,1.0,0.19,0.0,0.05,1.0,0.0,0.46,0.4,0.12,0.67,0.91,0.43,0.67,0.19,0.67,0.85,0.44,0.9,1.0,0.47,0.55,0.67,0.17,0.24,0.59,0.52,0.11,0.12,0.55,0.33,0.5,0.67,0.72,0.79,0.05,0.13,0.0,0.26,0.36,0.12,0.6,0.41,0.46,0.5,0.0,0.45,0.5,0.08,0.11,0.0,0.2,0.2,0.5,0.14,0.44,0.0,0.53,0.5,0.0,0.11,0.6,0.56,0.95,0.09,0.67,0.67,0.28,0.48,0.48,0.96,0.36,0.26,0.39,0.57,0.24,0.82,0.38,0.57,,0.72,0.14,0.36,0.07,0.94,0.92,0.24,0.24,0.3,0.77,0.95,0.68,0.57,0.83,0.21,0.17,0.67,0.38,0.5,0.24,0.5,0.06,0.85,0.47,0.19,0.5,0.6,0.25,0.89,0.59,0.32,0.39,0.07,0.54,0.33,0.85,1.0,0.12,0.71,0.62,0.64,0.64,0.23,0.48,0.22,0.26,0.33,0.36,0.75,0.72,0.19,0.42,0.67,0.7,0.6,0.35,0.86,0.9,0.43,0.25,0.94,0.5,0.0,0.25,0.27,0.85,0.42,0.9,0.06,0.35,0.55,0.93,0.37,0.44,0.28,0.7,0.91,0.69,0.57,0.85,0.73,0.4,0.73,0.78,0.12,0.79,0.07,0.19,0.06,0.92,0.28,0.45,0.93,0.7,0.75,0.44,0.93,0.43,0.6,0.65,0.89,0.79,0.36,0.9,0.08,0.56,0.93,0.0,0.78,0.71,0.0,0.1,0.67,0.96,0.47,0.57,0.22,0.16,0.62,0.12,0.89,0.82,0.71,0.56,0.25,0.36,0.68,0.83,0.38,0.64,0.71,1.0,0.88,0.23,0.0,0.27,0.53,0.5,0.07,0.67,0.83,0.0,0.95,0.6,0.95,0.33,0.64,0.7,0.75,0.11,0.5,0.31,1.0,0.1,0.33,0.1,0.0,0.55,1.0,0.47,0.47,0.36,0.72,0.57,0.83,0.74,1.0,0.69,0.42,0.47,0.42,0.6,0.56,0.73,0.0,0.46,0.27,0.47,0.18,0.75,0.35,0.58,0.65,0.94,0.89,0.65,0.67,0.89,0.27,0.1,0.78,0.75,0.31,0.14,0.38,0.35,0.29,0.12,0.56,0.18,0.0,0.96,0.0,0.06,0.55,0.86,0.3,0.22,1.0,1.0,0.78,0.11,0.33,0.17,0.94,0.27,0.6,0.0,0.2,0.88,0.57,0.71,0.78,0.58,0.95,0.33,0.57,0.47,0.61,0.18,0.33,0.55,0.23,0.5,0.05,0.85,0.93,0.85,0.62,0.86,0.6,0.67,0.8,0.75,0.95,0.43,0.4,0.29,0.4,0.33,0.94,0.16,0.17,0.38,0.64,0.96,0.38,0.22,0.78,0.54,0.29,0.42,0.65,0.71,0.88,1.0,0.81,0.69,0.85,0.71,0.3,0.56,0.2,0.73,0.82,0.7,0.7,0.96,0.25,0.17,1.0,0.2,0.23,0.25,0.52,0.22
000027008050,0.82,1.0,0.32,0.33,0.18,1.0,0.42,0.71,0.88,0.94,0.92,0.21,0.47,0.31,0.4,0.55,0.88,0.72,1.0,0.08,0.5,0.62,0.71,0.29,0.41,0.87,0.94,0.92,0.14,0.0,0.33,1.0,1.0,0.0,0.29,0.24,1.0,0.13,0.75,0.5,0.54,0.56,0.78,0.23,0.14,0.18,0.4,0.69,0.54,0.88,1.0,0.78,0.25,0.92,0.13,0.17,0.4,0.5,0.0,0.07,0.22,0.55,0.46,0.31,0.41,0.83,0.19,0.0,0.0,0.42,0.67,0.4,0.38,0.47,0.64,0.53,1.0,0.61,0.62,0.33,0.21,0.36,0.4,0.17,0.75,0.41,0.69,0.0,0.75,0.18,0.13,0.53,0.38,0.64,0.88,0.08,0.81,0.47,0.5,0.67,0.24,0.96,0.53,0.5,0.25,0.62,0.64,0.6,0.12,0.67,0.0,0.14,0.17,0.33,0.2,1.0,1.0,0.69,0.11,0.4,0.71,0.93,0.67,0.0,0.77,0.75,0.25,1.0,0.0,0.56,0.38,0.21,0.11,1.0,0.58,0.0,0.43,0.64,0.25,1.0,0.31,0.12,0.29,0.07,0.55,0.38,0.92,1.0,0.0,0.5,0.5,0.36,0.38,0.25,0.54,0.25,0.55,0.25,0.4,0.62,0.56,0.21,0.63,0.5,0.89,0.78,0.33,0.85,1.0,0.4,0.14,0.55,0.29,0.12,0.58,0.07,1.0,0.19,0.82,0.0,0.5,0.71,1.0,0.33,0.63,0.0,0.44,1.0,0.78,0.64,1.0,0.93,0.19,0.57,0.75,0.12,0.89,0.0,0.15,0.23,0.88,0.15,0.33,1.0,0.81,0.69,0.67,0.93,0.17,0.94,0.94,0.85,0.57,0.67,0.7,0.0,1.0,1.0,0.0,0.86,0.6,0.1,0.15,0.64,0.92,0.75,0.23,0.13,0.57,0.44,0.08,0.95,1.0,0.75,0.18,0.0,0.33,1.0,0.43,0.28,0.21,0.41,0.53,0.78,0.09,0.0,0.18,0.62,0.77,0.06,0.85,0.65,0.0,1.0,0.45,1.0,0.62,0.27,0.57,1.0,0.06,0.86,0.56,0.9,0.26,0.3,0.25,0.0,0.3,1.0,0.5,0.43,0.28,0.89,0.91,1.0,0.69,1.0,0.69,0.11,0.56,0.45,0.5,0.5,0.58,0.16,0.27,0.27,0.96,0.0,0.92,0.46,0.33,0.56,0.91,0.8,0.62,0.93,0.92,0.58,0.14,0.67,0.25,0.58,0.18,0.77,0.33,0.18,0.0,0.93,0.64,0.0,1.0,0.23,0.2,0.85,0.24,0.07,0.22,0.93,1.0,0.61,0.22,0.2,0.08,0.85,0.88,0.5,0.0,0.1,0.75,0.31,0.58,0.75,0.64,0.94,0.36,0.54,0.36,0.6,0.0,0.18,0.88,0.25,0.64,0.0,1.0,0.79,0.74,0.56,0.73,0.78,0.43,0.93,0.81,0.95,0.62,0.33,0.16,0.5,0.25,1.0,0.0,0.0,0.1,0.7,0.92,0.36,0.08,0.83,0.53,0.31,0.17,0.5,0.94,0.82,0.81,1.0,0.75,0.8,0.17,0.48,0.18,0.14,0.75,1.0,0.4,0.58,1.0,0.62,0.06,1.0,0.07,0.58,0.55,0.58,0.39
000027008060,0.79,1.0,0.46,0.5,0.0,0.86,0.47,0.69,0.86,0.9,0.43,0.0,0.64,0.83,0.0,0.27,0.67,0.55,0.6,0.0,0.33,0.0,1.0,0.53,0.18,0.75,0.92,0.78,0.08,0.33,0.6,0.6,0.85,0.12,0.0,0.07,0.89,0.33,0.35,0.78,0.17,0.29,0.75,0.75,0.67,0.0,0.67,0.46,0.54,0.86,0.91,1.0,0.0,0.91,0.38,0.06,0.57,0.29,0.0,0.12,0.69,0.17,0.33,0.11,0.43,1.0,0.2,0.42,0.2,0.29,0.0,0.29,0.83,0.56,0.5,0.62,0.0,0.14,0.33,0.17,0.5,0.17,0.0,0.0,0.6,0.21,0.56,0.0,0.22,0.36,0.0,0.0,0.56,0.31,0.8,0.0,0.73,0.75,0.43,0.38,0.22,0.83,0.56,0.57,0.17,0.3,0.62,0.8,0.44,0.36,0.0,0.56,0.33,0.5,0.0,0.8,1.0,0.44,0.22,0.33,0.83,1.0,0.56,0.25,0.89,0.57,0.18,0.86,0.4,1.0,0.17,0.4,0.09,0.77,0.64,0.14,1.0,0.8,0.18,1.0,0.57,0.23,0.25,0.0,0.64,0.44,0.83,1.0,0.0,0.4,0.88,0.92,0.24,0.2,0.39,0.2,0.33,0.25,0.23,0.57,0.6,0.09,0.22,0.33,0.8,0.25,0.14,0.5,0.88,0.33,0.0,0.83,0.38,0.0,0.43,0.15,0.7,0.33,0.89,0.06,0.5,0.5,1.0,0.0,0.77,0.07,0.45,1.0,1.0,1.0,1.0,0.67,0.5,0.83,0.78,0.0,0.83,0.0,0.0,0.31,1.0,0.0,0.6,1.0,0.59,0.88,0.67,1.0,0.5,0.77,0.82,0.86,0.67,0.67,0.83,0.0,0.5,1.0,0.0,0.75,0.4,0.0,0.0,0.57,1.0,0.36,0.19,0.0,0.57,0.67,0.07,0.93,0.88,1.0,0.0,0.44,0.33,0.79,0.88,0.4,0.56,0.55,0.93,0.79,0.13,0.0,0.11,0.62,0.5,0.5,0.4,0.36,0.0,1.0,0.69,0.91,0.67,0.75,0.78,0.5,0.11,0.89,0.25,0.86,0.1,0.14,0.56,0.09,0.67,0.88,0.8,0.55,0.5,0.61,0.86,1.0,0.45,0.93,0.6,0.23,0.64,0.5,0.5,0.5,1.0,0.0,0.12,0.42,0.7,0.0,0.89,0.6,0.53,0.35,0.78,1.0,0.42,0.89,1.0,0.56,0.0,0.33,0.5,0.0,0.3,0.78,0.75,0.17,0.0,0.77,0.38,0.15,0.9,0.0,0.0,0.64,0.09,0.33,0.0,1.0,1.0,0.7,0.07,0.4,0.12,1.0,0.67,0.79,0.25,0.25,0.86,0.56,0.71,0.67,0.7,0.8,0.6,0.77,0.12,0.38,0.0,0.43,0.67,0.38,0.22,0.0,1.0,0.75,0.76,0.21,0.73,0.5,0.44,0.8,0.71,0.61,0.0,0.2,0.14,0.33,0.25,1.0,0.0,0.2,0.0,0.6,1.0,0.22,0.17,0.6,0.89,0.5,0.25,0.62,0.9,0.7,1.0,1.0,0.67,0.79,0.67,0.23,0.83,0.0,0.88,0.71,0.14,0.62,0.75,0.11,0.0,1.0,0.07,0.17,0.19,0.78,0.09
